<?xml version="1.0" encoding="ISO-8859-1"?>
<!DOCTYPE detection-run SYSTEM "http://kismetwireless.net/kismet-3.1.0.dtd">


<detection-run kismet-version="2004.10.R1" start-time="Tue Jan 13 05:14:15 2004" end-time="Tue Jan 13 05:14:30 2004">
  <wireless-network number="1" type="infrastructure" wep="false" cloaked="false" first-time="Tue Jan 13 05:14:15 2004" last-time="Tue Jan 13 05:14:30 2004">
    <SSID>VT_WLAN</SSID>
    <BSSID>00:11:20:A1:3C:40</BSSID>
    <channel>8</channel>
    <maxrate>18.0</maxrate>
    <maxseenrate>0</maxseenrate>
    <carrier>IEEE 802.11b</carrier>
    <packets>
      <LLC>102</LLC>
      <data>24</data>
      <crypt>0</crypt>
      <weak>0</weak>
      <dupeiv>0</dupeiv>
      <total>126</total>
    </packets>
    <datasize>3109</datasize>
    <gps-info unit="english">
      <min-lat>90.000000</min-lat>
      <min-lon>180.000000</min-lon>
      <min-alt>0.000000</min-alt>
      <min-spd>0.000000</min-spd>
      <max-lat>-90.000000</max-lat>
      <max-lon>-180.000000</max-lon>
      <max-alt>0.000000</max-alt>
      <max-spd>0.000000</max-spd>
    </gps-info>
    <ip-address type="tcp">
      <ip-range>128.173.0.0</ip-range>
    </ip-address>
    <wireless-client number="1" type="fromds" wep="false" first-time="Tue Jan 13 05:14:16 2004" last-time="Tue Jan 13 05:14:16 2004">
      <client-mac>00:0E:35:75:D4:9D</client-mac>
      <client-packets>
        <client-data>1</client-data>
        <client-crypt>0</client-crypt>
        <client-weak>0</client-weak>
      </client-packets>
      <client-gps-info unit="english">
        <client-min-lat>90.000000</client-min-lat>
        <client-min-lon>180.000000</client-min-lon>
        <client-min-alt>0.000000</client-min-alt>
        <client-min-spd>0.000000</client-min-spd>
        <client-max-lat>-90.000000</client-max-lat>
        <client-max-lon>-180.000000</client-max-lon>
        <client-max-alt>0.000000</client-max-alt>
        <client-max-spd>0.000000</client-max-spd>
      </client-gps-info>
      <client-datasize>110</client-datasize>
      <client-maxrate>0.0</client-maxrate>
      <client-maxseenrate>0</client-maxseenrate>
      <client-ip-address type="tcp">128.173.144.31</client-ip-address>
    </wireless-client>
    <wireless-client number="2" type="fromds" wep="false" first-time="Tue Jan 13 05:14:16 2004" last-time="Tue Jan 13 05:14:16 2004">
      <client-mac>00:13:CE:AE:BC:70</client-mac>
      <client-packets>
        <client-data>1</client-data>
        <client-crypt>0</client-crypt>
        <client-weak>0</client-weak>
      </client-packets>
      <client-gps-info unit="english">
        <client-min-lat>90.000000</client-min-lat>
        <client-min-lon>180.000000</client-min-lon>
        <client-min-alt>0.000000</client-min-alt>
        <client-min-spd>0.000000</client-min-spd>
        <client-max-lat>-90.000000</client-max-lat>
        <client-max-lon>-180.000000</client-max-lon>
        <client-max-alt>0.000000</client-max-alt>
        <client-max-spd>0.000000</client-max-spd>
      </client-gps-info>
      <client-datasize>78</client-datasize>
      <client-maxrate>0.0</client-maxrate>
      <client-maxseenrate>0</client-maxseenrate>
    </wireless-client>
    <wireless-client number="3" type="fromds" wep="false" first-time="Tue Jan 13 05:14:16 2004" last-time="Tue Jan 13 05:14:16 2004">
      <client-mac>00:0F:B5:0A:68:AE</client-mac>
      <client-packets>
        <client-data>1</client-data>
        <client-crypt>0</client-crypt>
        <client-weak>0</client-weak>
      </client-packets>
      <client-gps-info unit="english">
        <client-min-lat>90.000000</client-min-lat>
        <client-min-lon>180.000000</client-min-lon>
        <client-min-alt>0.000000</client-min-alt>
        <client-min-spd>0.000000</client-min-spd>
        <client-max-lat>-90.000000</client-max-lat>
        <client-max-lon>-180.000000</client-max-lon>
        <client-max-alt>0.000000</client-max-alt>
        <client-max-spd>0.000000</client-max-spd>
      </client-gps-info>
      <client-datasize>110</client-datasize>
      <client-maxrate>0.0</client-maxrate>
      <client-maxseenrate>0</client-maxseenrate>
      <client-ip-address type="tcp">128.173.145.252</client-ip-address>
    </wireless-client>
    <wireless-client number="4" type="fromds" wep="false" first-time="Tue Jan 13 05:14:16 2004" last-time="Tue Jan 13 05:14:29 2004">
      <client-mac>00:14:BF:C1:D2:D4</client-mac>
      <client-packets>
        <client-data>3</client-data>
        <client-crypt>0</client-crypt>
        <client-weak>0</client-weak>
      </client-packets>
      <client-gps-info unit="english">
        <client-min-lat>90.000000</client-min-lat>
        <client-min-lon>180.000000</client-min-lon>
        <client-min-alt>0.000000</client-min-alt>
        <client-min-spd>0.000000</client-min-spd>
        <client-max-lat>-90.000000</client-max-lat>
        <client-max-lon>-180.000000</client-max-lon>
        <client-max-alt>0.000000</client-max-alt>
        <client-max-spd>0.000000</client-max-spd>
      </client-gps-info>
      <client-datasize>463</client-datasize>
      <client-maxrate>0.0</client-maxrate>
      <client-maxseenrate>0</client-maxseenrate>
      <client-ip-address type="tcp">128.173.147.223</client-ip-address>
    </wireless-client>
    <wireless-client number="5" type="fromds" wep="false" first-time="Tue Jan 13 05:14:19 2004" last-time="Tue Jan 13 05:14:19 2004">
      <client-mac>00:13:02:28:D0:86</client-mac>
      <client-packets>
        <client-data>1</client-data>
        <client-crypt>0</client-crypt>
        <client-weak>0</client-weak>
      </client-packets>
      <client-gps-info unit="english">
        <client-min-lat>90.000000</client-min-lat>
        <client-min-lon>180.000000</client-min-lon>
        <client-min-alt>0.000000</client-min-alt>
        <client-min-spd>0.000000</client-min-spd>
        <client-max-lat>-90.000000</client-max-lat>
        <client-max-lon>-180.000000</client-max-lon>
        <client-max-alt>0.000000</client-max-alt>
        <client-max-spd>0.000000</client-max-spd>
      </client-gps-info>
      <client-datasize>110</client-datasize>
      <client-maxrate>0.0</client-maxrate>
      <client-maxseenrate>0</client-maxseenrate>
      <client-ip-address type="tcp">128.173.146.113</client-ip-address>
    </wireless-client>
    <wireless-client number="6" type="fromds" wep="false" first-time="Tue Jan 13 05:14:19 2004" last-time="Tue Jan 13 05:14:19 2004">
      <client-mac>00:90:96:B4:52:44</client-mac>
      <client-packets>
        <client-data>1</client-data>
        <client-crypt>0</client-crypt>
        <client-weak>0</client-weak>
      </client-packets>
      <client-gps-info unit="english">
        <client-min-lat>90.000000</client-min-lat>
        <client-min-lon>180.000000</client-min-lon>
        <client-min-alt>0.000000</client-min-alt>
        <client-min-spd>0.000000</client-min-spd>
        <client-max-lat>-90.000000</client-max-lat>
        <client-max-lon>-180.000000</client-max-lon>
        <client-max-alt>0.000000</client-max-alt>
        <client-max-spd>0.000000</client-max-spd>
      </client-gps-info>
      <client-datasize>110</client-datasize>
      <client-maxrate>0.0</client-maxrate>
      <client-maxseenrate>0</client-maxseenrate>
      <client-ip-address type="tcp">128.173.144.17</client-ip-address>
    </wireless-client>
    <wireless-client number="7" type="fromds" wep="false" first-time="Tue Jan 13 05:14:21 2004" last-time="Tue Jan 13 05:14:21 2004">
      <client-mac>00:05:4E:46:1E:FB</client-mac>
      <client-packets>
        <client-data>4</client-data>
        <client-crypt>0</client-crypt>
        <client-weak>0</client-weak>
      </client-packets>
      <client-gps-info unit="english">
        <client-min-lat>90.000000</client-min-lat>
        <client-min-lon>180.000000</client-min-lon>
        <client-min-alt>0.000000</client-min-alt>
        <client-min-spd>0.000000</client-min-spd>
        <client-max-lat>-90.000000</client-max-lat>
        <client-max-lon>-180.000000</client-max-lon>
        <client-max-alt>0.000000</client-max-alt>
        <client-max-spd>0.000000</client-max-spd>
      </client-gps-info>
      <client-datasize>440</client-datasize>
      <client-maxrate>0.0</client-maxrate>
      <client-maxseenrate>0</client-maxseenrate>
      <client-ip-address type="tcp">128.173.146.15</client-ip-address>
    </wireless-client>
    <wireless-client number="8" type="fromds" wep="false" first-time="Tue Jan 13 05:14:21 2004" last-time="Tue Jan 13 05:14:26 2004">
      <client-mac>00:90:4B:1F:7F:20</client-mac>
      <client-packets>
        <client-data>2</client-data>
        <client-crypt>0</client-crypt>
        <client-weak>0</client-weak>
      </client-packets>
      <client-gps-info unit="english">
        <client-min-lat>90.000000</client-min-lat>
        <client-min-lon>180.000000</client-min-lon>
        <client-min-alt>0.000000</client-min-alt>
        <client-min-spd>0.000000</client-min-spd>
        <client-max-lat>-90.000000</client-max-lat>
        <client-max-lon>-180.000000</client-max-lon>
        <client-max-alt>0.000000</client-max-alt>
        <client-max-spd>0.000000</client-max-spd>
      </client-gps-info>
      <client-datasize>502</client-datasize>
      <client-maxrate>0.0</client-maxrate>
      <client-maxseenrate>0</client-maxseenrate>
      <client-ip-address type="tcp">128.173.147.176</client-ip-address>
    </wireless-client>
    <wireless-client number="9" type="fromds" wep="false" first-time="Tue Jan 13 05:14:24 2004" last-time="Tue Jan 13 05:14:24 2004">
      <client-mac>00:11:24:9E:5D:32</client-mac>
      <client-packets>
        <client-data>1</client-data>
        <client-crypt>0</client-crypt>
        <client-weak>0</client-weak>
      </client-packets>
      <client-gps-info unit="english">
        <client-min-lat>90.000000</client-min-lat>
        <client-min-lon>180.000000</client-min-lon>
        <client-min-alt>0.000000</client-min-alt>
        <client-min-spd>0.000000</client-min-spd>
        <client-max-lat>-90.000000</client-max-lat>
        <client-max-lon>-180.000000</client-max-lon>
        <client-max-alt>0.000000</client-max-alt>
        <client-max-spd>0.000000</client-max-spd>
      </client-gps-info>
      <client-datasize>104</client-datasize>
      <client-maxrate>0.0</client-maxrate>
      <client-maxseenrate>0</client-maxseenrate>
    </wireless-client>
    <wireless-client number="10" type="fromds" wep="false" first-time="Tue Jan 13 05:14:24 2004" last-time="Tue Jan 13 05:14:24 2004">
      <client-mac>00:0C:41:F9:5D:14</client-mac>
      <client-packets>
        <client-data>1</client-data>
        <client-crypt>0</client-crypt>
        <client-weak>0</client-weak>
      </client-packets>
      <client-gps-info unit="english">
        <client-min-lat>90.000000</client-min-lat>
        <client-min-lon>180.000000</client-min-lon>
        <client-min-alt>0.000000</client-min-alt>
        <client-min-spd>0.000000</client-min-spd>
        <client-max-lat>-90.000000</client-max-lat>
        <client-max-lon>-180.000000</client-max-lon>
        <client-max-alt>0.000000</client-max-alt>
        <client-max-spd>0.000000</client-max-spd>
      </client-gps-info>
      <client-datasize>110</client-datasize>
      <client-maxrate>0.0</client-maxrate>
      <client-maxseenrate>0</client-maxseenrate>
      <client-ip-address type="tcp">128.173.147.167</client-ip-address>
    </wireless-client>
    <wireless-client number="11" type="fromds" wep="false" first-time="Tue Jan 13 05:14:24 2004" last-time="Tue Jan 13 05:14:24 2004">
      <client-mac>00:0E:35:09:1F:2B</client-mac>
      <client-packets>
        <client-data>2</client-data>
        <client-crypt>0</client-crypt>
        <client-weak>0</client-weak>
      </client-packets>
      <client-gps-info unit="english">
        <client-min-lat>90.000000</client-min-lat>
        <client-min-lon>180.000000</client-min-lon>
        <client-min-alt>0.000000</client-min-alt>
        <client-min-spd>0.000000</client-min-spd>
        <client-max-lat>-90.000000</client-max-lat>
        <client-max-lon>-180.000000</client-max-lon>
        <client-max-alt>0.000000</client-max-alt>
        <client-max-spd>0.000000</client-max-spd>
      </client-gps-info>
      <client-datasize>220</client-datasize>
      <client-maxrate>0.0</client-maxrate>
      <client-maxseenrate>0</client-maxseenrate>
      <client-ip-address type="tcp">128.173.144.160</client-ip-address>
    </wireless-client>
    <wireless-client number="12" type="fromds" wep="false" first-time="Tue Jan 13 05:14:24 2004" last-time="Tue Jan 13 05:14:24 2004">
      <client-mac>00:13:CE:C7:4F:CA</client-mac>
      <client-packets>
        <client-data>1</client-data>
        <client-crypt>0</client-crypt>
        <client-weak>0</client-weak>
      </client-packets>
      <client-gps-info unit="english">
        <client-min-lat>90.000000</client-min-lat>
        <client-min-lon>180.000000</client-min-lon>
        <client-min-alt>0.000000</client-min-alt>
        <client-min-spd>0.000000</client-min-spd>
        <client-max-lat>-90.000000</client-max-lat>
        <client-max-lon>-180.000000</client-max-lon>
        <client-max-alt>0.000000</client-max-alt>
        <client-max-spd>0.000000</client-max-spd>
      </client-gps-info>
      <client-datasize>78</client-datasize>
      <client-maxrate>0.0</client-maxrate>
      <client-maxseenrate>0</client-maxseenrate>
    </wireless-client>
    <wireless-client number="13" type="fromds" wep="false" first-time="Tue Jan 13 05:14:26 2004" last-time="Tue Jan 13 05:14:26 2004">
      <client-mac>00:0E:35:71:DD:98</client-mac>
      <client-packets>
        <client-data>2</client-data>
        <client-crypt>0</client-crypt>
        <client-weak>0</client-weak>
      </client-packets>
      <client-gps-info unit="english">
        <client-min-lat>90.000000</client-min-lat>
        <client-min-lon>180.000000</client-min-lon>
        <client-min-alt>0.000000</client-min-alt>
        <client-min-spd>0.000000</client-min-spd>
        <client-max-lat>-90.000000</client-max-lat>
        <client-max-lon>-180.000000</client-max-lon>
        <client-max-alt>0.000000</client-max-alt>
        <client-max-spd>0.000000</client-max-spd>
      </client-gps-info>
      <client-datasize>344</client-datasize>
      <client-maxrate>0.0</client-maxrate>
      <client-maxseenrate>0</client-maxseenrate>
      <client-ip-address type="tcp">128.173.146.215</client-ip-address>
    </wireless-client>
    <wireless-client number="14" type="fromds" wep="false" first-time="Tue Jan 13 05:14:26 2004" last-time="Tue Jan 13 05:14:29 2004">
      <client-mac>00:14:A5:30:4E:E9</client-mac>
      <client-packets>
        <client-data>3</client-data>
        <client-crypt>0</client-crypt>
        <client-weak>0</client-weak>
      </client-packets>
      <client-gps-info unit="english">
        <client-min-lat>90.000000</client-min-lat>
        <client-min-lon>180.000000</client-min-lon>
        <client-min-alt>0.000000</client-min-alt>
        <client-min-spd>0.000000</client-min-spd>
        <client-max-lat>-90.000000</client-max-lat>
        <client-max-lon>-180.000000</client-max-lon>
        <client-max-alt>0.000000</client-max-alt>
        <client-max-spd>0.000000</client-max-spd>
      </client-gps-info>
      <client-datasize>330</client-datasize>
      <client-maxrate>0.0</client-maxrate>
      <client-maxseenrate>0</client-maxseenrate>
      <client-ip-address type="tcp">128.173.147.101</client-ip-address>
    </wireless-client>
  </wireless-network>
  <wireless-network number="2" type="infrastructure" wep="false" cloaked="false" first-time="Tue Jan 13 05:14:15 2004" last-time="Tue Jan 13 05:14:30 2004">
    <SSID>VT_WLAN</SSID>
    <BSSID>00:11:20:98:B8:F0</BSSID>
    <channel>1</channel>
    <maxrate>18.0</maxrate>
    <maxseenrate>0</maxseenrate>
    <carrier>IEEE 802.11b</carrier>
    <packets>
      <LLC>43</LLC>
      <data>23</data>
      <crypt>0</crypt>
      <weak>0</weak>
      <dupeiv>0</dupeiv>
      <total>66</total>
    </packets>
    <datasize>3612</datasize>
    <gps-info unit="english">
      <min-lat>90.000000</min-lat>
      <min-lon>180.000000</min-lon>
      <min-alt>0.000000</min-alt>
      <min-spd>0.000000</min-spd>
      <max-lat>-90.000000</max-lat>
      <max-lon>-180.000000</max-lon>
      <max-alt>0.000000</max-alt>
      <max-spd>0.000000</max-spd>
    </gps-info>
    <ip-address type="tcp">
      <ip-range>128.173.0.0</ip-range>
    </ip-address>
    <wireless-client number="1" type="fromds" wep="false" first-time="Tue Jan 13 05:14:15 2004" last-time="Tue Jan 13 05:14:15 2004">
      <client-mac>00:90:4B:6F:14:A2</client-mac>
      <client-packets>
        <client-data>1</client-data>
        <client-crypt>0</client-crypt>
        <client-weak>0</client-weak>
      </client-packets>
      <client-gps-info unit="english">
        <client-min-lat>90.000000</client-min-lat>
        <client-min-lon>180.000000</client-min-lon>
        <client-min-alt>0.000000</client-min-alt>
        <client-min-spd>0.000000</client-min-spd>
        <client-max-lat>-90.000000</client-max-lat>
        <client-max-lon>-180.000000</client-max-lon>
        <client-max-alt>0.000000</client-max-alt>
        <client-max-spd>0.000000</client-max-spd>
      </client-gps-info>
      <client-datasize>110</client-datasize>
      <client-maxrate>0.0</client-maxrate>
      <client-maxseenrate>0</client-maxseenrate>
      <client-ip-address type="tcp">128.173.146.117</client-ip-address>
    </wireless-client>
    <wireless-client number="2" type="fromds" wep="false" first-time="Tue Jan 13 05:14:15 2004" last-time="Tue Jan 13 05:14:15 2004">
      <client-mac>00:14:A5:21:F6:0C</client-mac>
      <client-packets>
        <client-data>1</client-data>
        <client-crypt>0</client-crypt>
        <client-weak>0</client-weak>
      </client-packets>
      <client-gps-info unit="english">
        <client-min-lat>90.000000</client-min-lat>
        <client-min-lon>180.000000</client-min-lon>
        <client-min-alt>0.000000</client-min-alt>
        <client-min-spd>0.000000</client-min-spd>
        <client-max-lat>-90.000000</client-max-lat>
        <client-max-lon>-180.000000</client-max-lon>
        <client-max-alt>0.000000</client-max-alt>
        <client-max-spd>0.000000</client-max-spd>
      </client-gps-info>
      <client-datasize>68</client-datasize>
      <client-maxrate>0.0</client-maxrate>
      <client-maxseenrate>0</client-maxseenrate>
    </wireless-client>
    <wireless-client number="3" type="fromds" wep="false" first-time="Tue Jan 13 05:14:15 2004" last-time="Tue Jan 13 05:14:15 2004">
      <client-mac>00:C0:49:60:9E:01</client-mac>
      <client-packets>
        <client-data>2</client-data>
        <client-crypt>0</client-crypt>
        <client-weak>0</client-weak>
      </client-packets>
      <client-gps-info unit="english">
        <client-min-lat>90.000000</client-min-lat>
        <client-min-lon>180.000000</client-min-lon>
        <client-min-alt>0.000000</client-min-alt>
        <client-min-spd>0.000000</client-min-spd>
        <client-max-lat>-90.000000</client-max-lat>
        <client-max-lon>-180.000000</client-max-lon>
        <client-max-alt>0.000000</client-max-alt>
        <client-max-spd>0.000000</client-max-spd>
      </client-gps-info>
      <client-datasize>353</client-datasize>
      <client-maxrate>0.0</client-maxrate>
      <client-maxseenrate>0</client-maxseenrate>
      <client-ip-address type="tcp">128.173.145.135</client-ip-address>
    </wireless-client>
    <wireless-client number="4" type="fromds" wep="false" first-time="Tue Jan 13 05:14:17 2004" last-time="Tue Jan 13 05:14:17 2004">
      <client-mac>00:12:79:40:9E:6E</client-mac>
      <client-packets>
        <client-data>1</client-data>
        <client-crypt>0</client-crypt>
        <client-weak>0</client-weak>
      </client-packets>
      <client-gps-info unit="english">
        <client-min-lat>90.000000</client-min-lat>
        <client-min-lon>180.000000</client-min-lon>
        <client-min-alt>0.000000</client-min-alt>
        <client-min-spd>0.000000</client-min-spd>
        <client-max-lat>-90.000000</client-max-lat>
        <client-max-lon>-180.000000</client-max-lon>
        <client-max-alt>0.000000</client-max-alt>
        <client-max-spd>0.000000</client-max-spd>
      </client-gps-info>
      <client-datasize>110</client-datasize>
      <client-maxrate>0.0</client-maxrate>
      <client-maxseenrate>0</client-maxseenrate>
      <client-ip-address type="tcp">128.173.147.224</client-ip-address>
    </wireless-client>
    <wireless-client number="5" type="fromds" wep="false" first-time="Tue Jan 13 05:14:17 2004" last-time="Tue Jan 13 05:14:23 2004">
      <client-mac>00:90:4B:1F:7F:20</client-mac>
      <client-packets>
        <client-data>4</client-data>
        <client-crypt>0</client-crypt>
        <client-weak>0</client-weak>
      </client-packets>
      <client-gps-info unit="english">
        <client-min-lat>90.000000</client-min-lat>
        <client-min-lon>180.000000</client-min-lon>
        <client-min-alt>0.000000</client-min-alt>
        <client-min-spd>0.000000</client-min-spd>
        <client-max-lat>-90.000000</client-max-lat>
        <client-max-lon>-180.000000</client-max-lon>
        <client-max-alt>0.000000</client-max-alt>
        <client-max-spd>0.000000</client-max-spd>
      </client-gps-info>
      <client-datasize>901</client-datasize>
      <client-maxrate>0.0</client-maxrate>
      <client-maxseenrate>0</client-maxseenrate>
      <client-ip-address type="tcp">128.173.147.176</client-ip-address>
    </wireless-client>
    <wireless-client number="6" type="fromds" wep="false" first-time="Tue Jan 13 05:14:18 2004" last-time="Tue Jan 13 05:14:30 2004">
      <client-mac>00:14:A5:30:30:2D</client-mac>
      <client-packets>
        <client-data>2</client-data>
        <client-crypt>0</client-crypt>
        <client-weak>0</client-weak>
      </client-packets>
      <client-gps-info unit="english">
        <client-min-lat>90.000000</client-min-lat>
        <client-min-lon>180.000000</client-min-lon>
        <client-min-alt>0.000000</client-min-alt>
        <client-min-spd>0.000000</client-min-spd>
        <client-max-lat>-90.000000</client-max-lat>
        <client-max-lon>-180.000000</client-max-lon>
        <client-max-alt>0.000000</client-max-alt>
        <client-max-spd>0.000000</client-max-spd>
      </client-gps-info>
      <client-datasize>220</client-datasize>
      <client-maxrate>0.0</client-maxrate>
      <client-maxseenrate>0</client-maxseenrate>
      <client-ip-address type="tcp">128.173.146.93</client-ip-address>
    </wireless-client>
    <wireless-client number="7" type="fromds" wep="false" first-time="Tue Jan 13 05:14:18 2004" last-time="Tue Jan 13 05:14:18 2004">
      <client-mac>00:0E:35:71:DD:98</client-mac>
      <client-packets>
        <client-data>2</client-data>
        <client-crypt>0</client-crypt>
        <client-weak>0</client-weak>
      </client-packets>
      <client-gps-info unit="english">
        <client-min-lat>90.000000</client-min-lat>
        <client-min-lon>180.000000</client-min-lon>
        <client-min-alt>0.000000</client-min-alt>
        <client-min-spd>0.000000</client-min-spd>
        <client-max-lat>-90.000000</client-max-lat>
        <client-max-lon>-180.000000</client-max-lon>
        <client-max-alt>0.000000</client-max-alt>
        <client-max-spd>0.000000</client-max-spd>
      </client-gps-info>
      <client-datasize>344</client-datasize>
      <client-maxrate>0.0</client-maxrate>
      <client-maxseenrate>0</client-maxseenrate>
      <client-ip-address type="tcp">128.173.146.215</client-ip-address>
    </wireless-client>
    <wireless-client number="8" type="fromds" wep="false" first-time="Tue Jan 13 05:14:18 2004" last-time="Tue Jan 13 05:14:18 2004">
      <client-mac>00:06:25:A6:29:9D</client-mac>
      <client-packets>
        <client-data>1</client-data>
        <client-crypt>0</client-crypt>
        <client-weak>0</client-weak>
      </client-packets>
      <client-gps-info unit="english">
        <client-min-lat>90.000000</client-min-lat>
        <client-min-lon>180.000000</client-min-lon>
        <client-min-alt>0.000000</client-min-alt>
        <client-min-spd>0.000000</client-min-spd>
        <client-max-lat>-90.000000</client-max-lat>
        <client-max-lon>-180.000000</client-max-lon>
        <client-max-alt>0.000000</client-max-alt>
        <client-max-spd>0.000000</client-max-spd>
      </client-gps-info>
      <client-datasize>110</client-datasize>
      <client-maxrate>0.0</client-maxrate>
      <client-maxseenrate>0</client-maxseenrate>
      <client-ip-address type="tcp">128.173.144.231</client-ip-address>
    </wireless-client>
    <wireless-client number="9" type="fromds" wep="false" first-time="Tue Jan 13 05:14:18 2004" last-time="Tue Jan 13 05:14:27 2004">
      <client-mac>00:12:F0:75:6A:5E</client-mac>
      <client-packets>
        <client-data>4</client-data>
        <client-crypt>0</client-crypt>
        <client-weak>0</client-weak>
      </client-packets>
      <client-gps-info unit="english">
        <client-min-lat>90.000000</client-min-lat>
        <client-min-lon>180.000000</client-min-lon>
        <client-min-alt>0.000000</client-min-alt>
        <client-min-spd>0.000000</client-min-spd>
        <client-max-lat>-90.000000</client-max-lat>
        <client-max-lon>-180.000000</client-max-lon>
        <client-max-alt>0.000000</client-max-alt>
        <client-max-spd>0.000000</client-max-spd>
      </client-gps-info>
      <client-datasize>730</client-datasize>
      <client-maxrate>0.0</client-maxrate>
      <client-maxseenrate>0</client-maxseenrate>
      <client-ip-address type="tcp">128.173.145.87</client-ip-address>
    </wireless-client>
    <wireless-client number="10" type="fromds" wep="false" first-time="Tue Jan 13 05:14:23 2004" last-time="Tue Jan 13 05:14:23 2004">
      <client-mac>00:14:51:87:83:2F</client-mac>
      <client-packets>
        <client-data>1</client-data>
        <client-crypt>0</client-crypt>
        <client-weak>0</client-weak>
      </client-packets>
      <client-gps-info unit="english">
        <client-min-lat>90.000000</client-min-lat>
        <client-min-lon>180.000000</client-min-lon>
        <client-min-alt>0.000000</client-min-alt>
        <client-min-spd>0.000000</client-min-spd>
        <client-max-lat>-90.000000</client-max-lat>
        <client-max-lon>-180.000000</client-max-lon>
        <client-max-alt>0.000000</client-max-alt>
        <client-max-spd>0.000000</client-max-spd>
      </client-gps-info>
      <client-datasize>258</client-datasize>
      <client-maxrate>0.0</client-maxrate>
      <client-maxseenrate>0</client-maxseenrate>
      <client-ip-address type="tcp">128.173.145.238</client-ip-address>
    </wireless-client>
    <wireless-client number="11" type="fromds" wep="false" first-time="Tue Jan 13 05:14:25 2004" last-time="Tue Jan 13 05:14:25 2004">
      <client-mac>00:0F:B5:0A:68:AE</client-mac>
      <client-packets>
        <client-data>1</client-data>
        <client-crypt>0</client-crypt>
        <client-weak>0</client-weak>
      </client-packets>
      <client-gps-info unit="english">
        <client-min-lat>90.000000</client-min-lat>
        <client-min-lon>180.000000</client-min-lon>
        <client-min-alt>0.000000</client-min-alt>
        <client-min-spd>0.000000</client-min-spd>
        <client-max-lat>-90.000000</client-max-lat>
        <client-max-lon>-180.000000</client-max-lon>
        <client-max-alt>0.000000</client-max-alt>
        <client-max-spd>0.000000</client-max-spd>
      </client-gps-info>
      <client-datasize>110</client-datasize>
      <client-maxrate>0.0</client-maxrate>
      <client-maxseenrate>0</client-maxseenrate>
      <client-ip-address type="tcp">128.173.145.252</client-ip-address>
    </wireless-client>
    <wireless-client number="12" type="fromds" wep="false" first-time="Tue Jan 13 05:14:25 2004" last-time="Tue Jan 13 05:14:27 2004">
      <client-mac>00:05:4E:46:1E:FB</client-mac>
      <client-packets>
        <client-data>2</client-data>
        <client-crypt>0</client-crypt>
        <client-weak>0</client-weak>
      </client-packets>
      <client-gps-info unit="english">
        <client-min-lat>90.000000</client-min-lat>
        <client-min-lon>180.000000</client-min-lon>
        <client-min-alt>0.000000</client-min-alt>
        <client-min-spd>0.000000</client-min-spd>
        <client-max-lat>-90.000000</client-max-lat>
        <client-max-lon>-180.000000</client-max-lon>
        <client-max-alt>0.000000</client-max-alt>
        <client-max-spd>0.000000</client-max-spd>
      </client-gps-info>
      <client-datasize>220</client-datasize>
      <client-maxrate>0.0</client-maxrate>
      <client-maxseenrate>0</client-maxseenrate>
      <client-ip-address type="tcp">128.173.146.15</client-ip-address>
    </wireless-client>
    <wireless-client number="13" type="fromds" wep="false" first-time="Tue Jan 13 05:14:30 2004" last-time="Tue Jan 13 05:14:30 2004">
      <client-mac>00:90:4B:55:7F:D9</client-mac>
      <client-packets>
        <client-data>1</client-data>
        <client-crypt>0</client-crypt>
        <client-weak>0</client-weak>
      </client-packets>
      <client-gps-info unit="english">
        <client-min-lat>90.000000</client-min-lat>
        <client-min-lon>180.000000</client-min-lon>
        <client-min-alt>0.000000</client-min-alt>
        <client-min-spd>0.000000</client-min-spd>
        <client-max-lat>-90.000000</client-max-lat>
        <client-max-lon>-180.000000</client-max-lon>
        <client-max-alt>0.000000</client-max-alt>
        <client-max-spd>0.000000</client-max-spd>
      </client-gps-info>
      <client-datasize>78</client-datasize>
      <client-maxrate>0.0</client-maxrate>
      <client-maxseenrate>0</client-maxseenrate>
    </wireless-client>
  </wireless-network>
  <wireless-network number="3" type="infrastructure" wep="false" cloaked="false" first-time="Tue Jan 13 05:14:15 2004" last-time="Tue Jan 13 05:14:29 2004">
    <SSID>Arnor</SSID>
    <BSSID>00:13:10:1A:1E:D8</BSSID>
    <channel>6</channel>
    <maxrate>54.0</maxrate>
    <maxseenrate>0</maxseenrate>
    <carrier>IEEE 802.11b</carrier>
    <packets>
      <LLC>59</LLC>
      <data>0</data>
      <crypt>0</crypt>
      <weak>0</weak>
      <dupeiv>0</dupeiv>
      <total>59</total>
    </packets>
    <datasize>0</datasize>
    <gps-info unit="english">
      <min-lat>90.000000</min-lat>
      <min-lon>180.000000</min-lon>
      <min-alt>0.000000</min-alt>
      <min-spd>0.000000</min-spd>
      <max-lat>-90.000000</max-lat>
      <max-lon>-180.000000</max-lon>
      <max-alt>0.000000</max-alt>
      <max-spd>0.000000</max-spd>
    </gps-info>
    <wireless-client number="1" type="interds" wep="false" first-time="Tue Jan 13 05:14:25 2004" last-time="Wed Dec 31 19:00:00 1969">
      <client-mac>00:13:10:1A:1E:D8</client-mac>
      <client-packets>
        <client-data>0</client-data>
        <client-crypt>0</client-crypt>
        <client-weak>0</client-weak>
      </client-packets>
      <client-datasize>0</client-datasize>
      <client-maxrate>0.0</client-maxrate>
      <client-maxseenrate>0</client-maxseenrate>
    </wireless-client>
  </wireless-network>
  <wireless-network number="4" type="infrastructure" wep="false" cloaked="false" first-time="Tue Jan 13 05:14:15 2004" last-time="Tue Jan 13 05:14:30 2004">
    <SSID>VT_WLAN</SSID>
    <BSSID>00:11:20:A4:37:B0</BSSID>
    <channel>5</channel>
    <maxrate>18.0</maxrate>
    <maxseenrate>0</maxseenrate>
    <carrier>IEEE 802.11b</carrier>
    <packets>
      <LLC>48</LLC>
      <data>0</data>
      <crypt>0</crypt>
      <weak>0</weak>
      <dupeiv>0</dupeiv>
      <total>48</total>
    </packets>
    <datasize>0</datasize>
    <gps-info unit="english">
      <min-lat>90.000000</min-lat>
      <min-lon>180.000000</min-lon>
      <min-alt>0.000000</min-alt>
      <min-spd>0.000000</min-spd>
      <max-lat>-90.000000</max-lat>
      <max-lon>-180.000000</max-lon>
      <max-alt>0.000000</max-alt>
      <max-spd>0.000000</max-spd>
    </gps-info>
  </wireless-network>
  <wireless-network number="5" type="unknown" wep="false" cloaked="false" first-time="Tue Jan 13 05:14:15 2004" last-time="Tue Jan 13 05:14:29 2004">
    <SSID>WNMS</SSID>
    <BSSID>00:40:96:51:49:A2</BSSID>
    <channel>0</channel>
    <maxrate>11.0</maxrate>
    <maxseenrate>0</maxseenrate>
    <carrier>IEEE 802.11b</carrier>
    <packets>
      <LLC>28</LLC>
      <data>0</data>
      <crypt>0</crypt>
      <weak>0</weak>
      <dupeiv>0</dupeiv>
      <total>28</total>
    </packets>
    <datasize>0</datasize>
    <gps-info unit="english">
      <min-lat>90.000000</min-lat>
      <min-lon>180.000000</min-lon>
      <min-alt>0.000000</min-alt>
      <min-spd>0.000000</min-spd>
      <max-lat>-90.000000</max-lat>
      <max-lon>-180.000000</max-lon>
      <max-alt>0.000000</max-alt>
      <max-spd>0.000000</max-spd>
    </gps-info>
    <wireless-client number="1" type="tods" wep="false" first-time="Tue Jan 13 05:14:15 2004" last-time="Wed Dec 31 19:00:00 1969">
      <client-mac>00:40:96:51:49:A2</client-mac>
      <client-packets>
        <client-data>0</client-data>
        <client-crypt>0</client-crypt>
        <client-weak>0</client-weak>
      </client-packets>
      <client-datasize>0</client-datasize>
      <client-maxrate>0.0</client-maxrate>
      <client-maxseenrate>0</client-maxseenrate>
    </wireless-client>
  </wireless-network>
  <wireless-network number="6" type="infrastructure" wep="false" cloaked="false" first-time="Tue Jan 13 05:14:15 2004" last-time="Tue Jan 13 05:14:30 2004">
    <SSID>VT_WLAN</SSID>
    <BSSID>00:11:20:A4:5E:60</BSSID>
    <channel>11</channel>
    <maxrate>18.0</maxrate>
    <maxseenrate>0</maxseenrate>
    <carrier>IEEE 802.11b</carrier>
    <packets>
      <LLC>29</LLC>
      <data>11</data>
      <crypt>0</crypt>
      <weak>0</weak>
      <dupeiv>0</dupeiv>
      <total>40</total>
    </packets>
    <datasize>1584</datasize>
    <gps-info unit="english">
      <min-lat>90.000000</min-lat>
      <min-lon>180.000000</min-lon>
      <min-alt>0.000000</min-alt>
      <min-spd>0.000000</min-spd>
      <max-lat>-90.000000</max-lat>
      <max-lon>-180.000000</max-lon>
      <max-alt>0.000000</max-alt>
      <max-spd>0.000000</max-spd>
    </gps-info>
    <ip-address type="udp">
      <ip-range>128.173.0.0</ip-range>
    </ip-address>
    <wireless-client number="1" type="fromds" wep="false" first-time="Tue Jan 13 05:14:21 2004" last-time="Tue Jan 13 05:14:21 2004">
      <client-mac>00:90:4B:1F:7F:20</client-mac>
      <client-packets>
        <client-data>1</client-data>
        <client-crypt>0</client-crypt>
        <client-weak>0</client-weak>
      </client-packets>
      <client-gps-info unit="english">
        <client-min-lat>90.000000</client-min-lat>
        <client-min-lon>180.000000</client-min-lon>
        <client-min-alt>0.000000</client-min-alt>
        <client-min-spd>0.000000</client-min-spd>
        <client-max-lat>-90.000000</client-max-lat>
        <client-max-lon>-180.000000</client-max-lon>
        <client-max-alt>0.000000</client-max-alt>
        <client-max-spd>0.000000</client-max-spd>
      </client-gps-info>
      <client-datasize>251</client-datasize>
      <client-maxrate>0.0</client-maxrate>
      <client-maxseenrate>0</client-maxseenrate>
      <client-ip-address type="tcp">128.173.147.176</client-ip-address>
    </wireless-client>
    <wireless-client number="2" type="fromds" wep="false" first-time="Tue Jan 13 05:14:21 2004" last-time="Tue Jan 13 05:14:21 2004">
      <client-mac>00:13:10:ED:FF:F7</client-mac>
      <client-packets>
        <client-data>2</client-data>
        <client-crypt>0</client-crypt>
        <client-weak>0</client-weak>
      </client-packets>
      <client-gps-info unit="english">
        <client-min-lat>90.000000</client-min-lat>
        <client-min-lon>180.000000</client-min-lon>
        <client-min-alt>0.000000</client-min-alt>
        <client-min-spd>0.000000</client-min-spd>
        <client-max-lat>-90.000000</client-max-lat>
        <client-max-lon>-180.000000</client-max-lon>
        <client-max-alt>0.000000</client-max-alt>
        <client-max-spd>0.000000</client-max-spd>
      </client-gps-info>
      <client-datasize>353</client-datasize>
      <client-maxrate>0.0</client-maxrate>
      <client-maxseenrate>0</client-maxseenrate>
      <client-ip-address type="tcp">128.173.147.78</client-ip-address>
    </wireless-client>
    <wireless-client number="3" type="fromds" wep="false" first-time="Tue Jan 13 05:14:21 2004" last-time="Tue Jan 13 05:14:21 2004">
      <client-mac>00:11:24:9E:5D:32</client-mac>
      <client-packets>
        <client-data>1</client-data>
        <client-crypt>0</client-crypt>
        <client-weak>0</client-weak>
      </client-packets>
      <client-gps-info unit="english">
        <client-min-lat>90.000000</client-min-lat>
        <client-min-lon>180.000000</client-min-lon>
        <client-min-alt>0.000000</client-min-alt>
        <client-min-spd>0.000000</client-min-spd>
        <client-max-lat>-90.000000</client-max-lat>
        <client-max-lon>-180.000000</client-max-lon>
        <client-max-alt>0.000000</client-max-alt>
        <client-max-spd>0.000000</client-max-spd>
      </client-gps-info>
      <client-datasize>246</client-datasize>
      <client-maxrate>0.0</client-maxrate>
      <client-maxseenrate>0</client-maxseenrate>
      <client-ip-address type="udp">128.173.145.16</client-ip-address>
    </wireless-client>
    <wireless-client number="4" type="fromds" wep="false" first-time="Tue Jan 13 05:14:23 2004" last-time="Tue Jan 13 05:14:23 2004">
      <client-mac>00:06:25:A6:29:9D</client-mac>
      <client-packets>
        <client-data>1</client-data>
        <client-crypt>0</client-crypt>
        <client-weak>0</client-weak>
      </client-packets>
      <client-gps-info unit="english">
        <client-min-lat>90.000000</client-min-lat>
        <client-min-lon>180.000000</client-min-lon>
        <client-min-alt>0.000000</client-min-alt>
        <client-min-spd>0.000000</client-min-spd>
        <client-max-lat>-90.000000</client-max-lat>
        <client-max-lon>-180.000000</client-max-lon>
        <client-max-alt>0.000000</client-max-alt>
        <client-max-spd>0.000000</client-max-spd>
      </client-gps-info>
      <client-datasize>110</client-datasize>
      <client-maxrate>0.0</client-maxrate>
      <client-maxseenrate>0</client-maxseenrate>
      <client-ip-address type="tcp">128.173.144.231</client-ip-address>
    </wireless-client>
    <wireless-client number="5" type="fromds" wep="false" first-time="Tue Jan 13 05:14:23 2004" last-time="Tue Jan 13 05:14:23 2004">
      <client-mac>00:05:4E:46:1E:FB</client-mac>
      <client-packets>
        <client-data>1</client-data>
        <client-crypt>0</client-crypt>
        <client-weak>0</client-weak>
      </client-packets>
      <client-gps-info unit="english">
        <client-min-lat>90.000000</client-min-lat>
        <client-min-lon>180.000000</client-min-lon>
        <client-min-alt>0.000000</client-min-alt>
        <client-min-spd>0.000000</client-min-spd>
        <client-max-lat>-90.000000</client-max-lat>
        <client-max-lon>-180.000000</client-max-lon>
        <client-max-alt>0.000000</client-max-alt>
        <client-max-spd>0.000000</client-max-spd>
      </client-gps-info>
      <client-datasize>110</client-datasize>
      <client-maxrate>0.0</client-maxrate>
      <client-maxseenrate>0</client-maxseenrate>
      <client-ip-address type="tcp">128.173.146.15</client-ip-address>
    </wireless-client>
    <wireless-client number="6" type="fromds" wep="false" first-time="Tue Jan 13 05:14:25 2004" last-time="Tue Jan 13 05:14:25 2004">
      <client-mac>00:0C:41:F9:5D:14</client-mac>
      <client-packets>
        <client-data>1</client-data>
        <client-crypt>0</client-crypt>
        <client-weak>0</client-weak>
      </client-packets>
      <client-gps-info unit="english">
        <client-min-lat>90.000000</client-min-lat>
        <client-min-lon>180.000000</client-min-lon>
        <client-min-alt>0.000000</client-min-alt>
        <client-min-spd>0.000000</client-min-spd>
        <client-max-lat>-90.000000</client-max-lat>
        <client-max-lon>-180.000000</client-max-lon>
        <client-max-alt>0.000000</client-max-alt>
        <client-max-spd>0.000000</client-max-spd>
      </client-gps-info>
      <client-datasize>110</client-datasize>
      <client-maxrate>0.0</client-maxrate>
      <client-maxseenrate>0</client-maxseenrate>
      <client-ip-address type="tcp">128.173.147.167</client-ip-address>
    </wireless-client>
    <wireless-client number="7" type="fromds" wep="false" first-time="Tue Jan 13 05:14:25 2004" last-time="Tue Jan 13 05:14:25 2004">
      <client-mac>00:0E:35:09:1F:2B</client-mac>
      <client-packets>
        <client-data>2</client-data>
        <client-crypt>0</client-crypt>
        <client-weak>0</client-weak>
      </client-packets>
      <client-gps-info unit="english">
        <client-min-lat>90.000000</client-min-lat>
        <client-min-lon>180.000000</client-min-lon>
        <client-min-alt>0.000000</client-min-alt>
        <client-min-spd>0.000000</client-min-spd>
        <client-max-lat>-90.000000</client-max-lat>
        <client-max-lon>-180.000000</client-max-lon>
        <client-max-alt>0.000000</client-max-alt>
        <client-max-spd>0.000000</client-max-spd>
      </client-gps-info>
      <client-datasize>220</client-datasize>
      <client-maxrate>0.0</client-maxrate>
      <client-maxseenrate>0</client-maxseenrate>
      <client-ip-address type="tcp">128.173.144.160</client-ip-address>
    </wireless-client>
    <wireless-client number="8" type="fromds" wep="false" first-time="Tue Jan 13 05:14:28 2004" last-time="Tue Jan 13 05:14:28 2004">
      <client-mac>00:11:21:3E:E3:06</client-mac>
      <client-packets>
        <client-data>1</client-data>
        <client-crypt>0</client-crypt>
        <client-weak>0</client-weak>
      </client-packets>
      <client-gps-info unit="english">
        <client-min-lat>90.000000</client-min-lat>
        <client-min-lon>180.000000</client-min-lon>
        <client-min-alt>0.000000</client-min-alt>
        <client-min-spd>0.000000</client-min-spd>
        <client-max-lat>-90.000000</client-max-lat>
        <client-max-lon>-180.000000</client-max-lon>
        <client-max-alt>0.000000</client-max-alt>
        <client-max-spd>0.000000</client-max-spd>
      </client-gps-info>
      <client-datasize>74</client-datasize>
      <client-maxrate>0.0</client-maxrate>
      <client-maxseenrate>0</client-maxseenrate>
    </wireless-client>
    <wireless-client number="9" type="fromds" wep="false" first-time="Tue Jan 13 05:14:28 2004" last-time="Tue Jan 13 05:14:28 2004">
      <client-mac>00:13:CE:46:92:28</client-mac>
      <client-packets>
        <client-data>1</client-data>
        <client-crypt>0</client-crypt>
        <client-weak>0</client-weak>
      </client-packets>
      <client-gps-info unit="english">
        <client-min-lat>90.000000</client-min-lat>
        <client-min-lon>180.000000</client-min-lon>
        <client-min-alt>0.000000</client-min-alt>
        <client-min-spd>0.000000</client-min-spd>
        <client-max-lat>-90.000000</client-max-lat>
        <client-max-lon>-180.000000</client-max-lon>
        <client-max-alt>0.000000</client-max-alt>
        <client-max-spd>0.000000</client-max-spd>
      </client-gps-info>
      <client-datasize>110</client-datasize>
      <client-maxrate>0.0</client-maxrate>
      <client-maxseenrate>0</client-maxseenrate>
      <client-ip-address type="tcp">128.173.145.130</client-ip-address>
    </wireless-client>
  </wireless-network>
  <wireless-network number="7" type="probe" wep="false" cloaked="false" first-time="Tue Jan 13 05:14:15 2004" last-time="Tue Jan 13 05:14:29 2004">
    <SSID>WNMS09</SSID>
    <BSSID>00:40:96:39:DA:2F</BSSID>
    <channel>0</channel>
    <maxrate>11.0</maxrate>
    <maxseenrate>0</maxseenrate>
    <carrier>IEEE 802.11b</carrier>
    <packets>
      <LLC>19</LLC>
      <data>0</data>
      <crypt>0</crypt>
      <weak>0</weak>
      <dupeiv>0</dupeiv>
      <total>19</total>
    </packets>
    <datasize>0</datasize>
    <gps-info unit="english">
      <min-lat>90.000000</min-lat>
      <min-lon>180.000000</min-lon>
      <min-alt>0.000000</min-alt>
      <min-spd>0.000000</min-spd>
      <max-lat>-90.000000</max-lat>
      <max-lon>-180.000000</max-lon>
      <max-alt>0.000000</max-alt>
      <max-spd>0.000000</max-spd>
    </gps-info>
    <wireless-client number="1" type="tods" wep="false" first-time="Tue Jan 13 05:14:15 2004" last-time="Wed Dec 31 19:00:00 1969">
      <client-mac>00:40:96:39:DA:2F</client-mac>
      <client-packets>
        <client-data>0</client-data>
        <client-crypt>0</client-crypt>
        <client-weak>0</client-weak>
      </client-packets>
      <client-datasize>0</client-datasize>
      <client-maxrate>0.0</client-maxrate>
      <client-maxseenrate>0</client-maxseenrate>
    </wireless-client>
  </wireless-network>
  <wireless-network number="8" type="infrastructure" wep="false" cloaked="false" first-time="Tue Jan 13 05:14:15 2004" last-time="Tue Jan 13 05:14:30 2004">
    <SSID>VT_WLAN</SSID>
    <BSSID>00:11:20:98:CD:40</BSSID>
    <channel>9</channel>
    <maxrate>18.0</maxrate>
    <maxseenrate>0</maxseenrate>
    <carrier>IEEE 802.11b</carrier>
    <packets>
      <LLC>90</LLC>
      <data>16</data>
      <crypt>0</crypt>
      <weak>0</weak>
      <dupeiv>0</dupeiv>
      <total>106</total>
    </packets>
    <datasize>2020</datasize>
    <gps-info unit="english">
      <min-lat>90.000000</min-lat>
      <min-lon>180.000000</min-lon>
      <min-alt>0.000000</min-alt>
      <min-spd>0.000000</min-spd>
      <max-lat>-90.000000</max-lat>
      <max-lon>-180.000000</max-lon>
      <max-alt>0.000000</max-alt>
      <max-spd>0.000000</max-spd>
    </gps-info>
    <ip-address type="udp">
      <ip-range>128.173.0.0</ip-range>
    </ip-address>
    <wireless-client number="1" type="fromds" wep="false" first-time="Tue Jan 13 05:14:19 2004" last-time="Tue Jan 13 05:14:24 2004">
      <client-mac>00:04:23:A7:C8:7A</client-mac>
      <client-packets>
        <client-data>4</client-data>
        <client-crypt>0</client-crypt>
        <client-weak>0</client-weak>
      </client-packets>
      <client-gps-info unit="english">
        <client-min-lat>90.000000</client-min-lat>
        <client-min-lon>180.000000</client-min-lon>
        <client-min-alt>0.000000</client-min-alt>
        <client-min-spd>0.000000</client-min-spd>
        <client-max-lat>-90.000000</client-max-lat>
        <client-max-lon>-180.000000</client-max-lon>
        <client-max-alt>0.000000</client-max-alt>
        <client-max-spd>0.000000</client-max-spd>
      </client-gps-info>
      <client-datasize>488</client-datasize>
      <client-maxrate>0.0</client-maxrate>
      <client-maxseenrate>0</client-maxseenrate>
      <client-ip-address type="udp">128.173.235.229</client-ip-address>
    </wireless-client>
    <wireless-client number="2" type="fromds" wep="false" first-time="Tue Jan 13 05:14:19 2004" last-time="Tue Jan 13 05:14:19 2004">
      <client-mac>00:11:24:99:47:6D</client-mac>
      <client-packets>
        <client-data>1</client-data>
        <client-crypt>0</client-crypt>
        <client-weak>0</client-weak>
      </client-packets>
      <client-gps-info unit="english">
        <client-min-lat>90.000000</client-min-lat>
        <client-min-lon>180.000000</client-min-lon>
        <client-min-alt>0.000000</client-min-alt>
        <client-min-spd>0.000000</client-min-spd>
        <client-max-lat>-90.000000</client-max-lat>
        <client-max-lon>-180.000000</client-max-lon>
        <client-max-alt>0.000000</client-max-alt>
        <client-max-spd>0.000000</client-max-spd>
      </client-gps-info>
      <client-datasize>166</client-datasize>
      <client-maxrate>0.0</client-maxrate>
      <client-maxseenrate>0</client-maxseenrate>
      <client-ip-address type="udp">128.173.145.143</client-ip-address>
    </wireless-client>
    <wireless-client number="3" type="fromds" wep="false" first-time="Tue Jan 13 05:14:19 2004" last-time="Tue Jan 13 05:14:19 2004">
      <client-mac>00:13:02:28:D0:86</client-mac>
      <client-packets>
        <client-data>1</client-data>
        <client-crypt>0</client-crypt>
        <client-weak>0</client-weak>
      </client-packets>
      <client-gps-info unit="english">
        <client-min-lat>90.000000</client-min-lat>
        <client-min-lon>180.000000</client-min-lon>
        <client-min-alt>0.000000</client-min-alt>
        <client-min-spd>0.000000</client-min-spd>
        <client-max-lat>-90.000000</client-max-lat>
        <client-max-lon>-180.000000</client-max-lon>
        <client-max-alt>0.000000</client-max-alt>
        <client-max-spd>0.000000</client-max-spd>
      </client-gps-info>
      <client-datasize>110</client-datasize>
      <client-maxrate>0.0</client-maxrate>
      <client-maxseenrate>0</client-maxseenrate>
      <client-ip-address type="tcp">128.173.146.113</client-ip-address>
    </wireless-client>
    <wireless-client number="4" type="fromds" wep="false" first-time="Tue Jan 13 05:14:24 2004" last-time="Tue Jan 13 05:14:24 2004">
      <client-mac>00:11:24:9E:5D:32</client-mac>
      <client-packets>
        <client-data>1</client-data>
        <client-crypt>0</client-crypt>
        <client-weak>0</client-weak>
      </client-packets>
      <client-gps-info unit="english">
        <client-min-lat>90.000000</client-min-lat>
        <client-min-lon>180.000000</client-min-lon>
        <client-min-alt>0.000000</client-min-alt>
        <client-min-spd>0.000000</client-min-spd>
        <client-max-lat>-90.000000</client-max-lat>
        <client-max-lon>-180.000000</client-max-lon>
        <client-max-alt>0.000000</client-max-alt>
        <client-max-spd>0.000000</client-max-spd>
      </client-gps-info>
      <client-datasize>88</client-datasize>
      <client-maxrate>0.0</client-maxrate>
      <client-maxseenrate>0</client-maxseenrate>
    </wireless-client>
    <wireless-client number="5" type="fromds" wep="false" first-time="Tue Jan 13 05:14:24 2004" last-time="Tue Jan 13 05:14:24 2004">
      <client-mac>00:14:BF:C1:D2:D4</client-mac>
      <client-packets>
        <client-data>2</client-data>
        <client-crypt>0</client-crypt>
        <client-weak>0</client-weak>
      </client-packets>
      <client-gps-info unit="english">
        <client-min-lat>90.000000</client-min-lat>
        <client-min-lon>180.000000</client-min-lon>
        <client-min-alt>0.000000</client-min-alt>
        <client-min-spd>0.000000</client-min-spd>
        <client-max-lat>-90.000000</client-max-lat>
        <client-max-lon>-180.000000</client-max-lon>
        <client-max-alt>0.000000</client-max-alt>
        <client-max-spd>0.000000</client-max-spd>
      </client-gps-info>
      <client-datasize>344</client-datasize>
      <client-maxrate>0.0</client-maxrate>
      <client-maxseenrate>0</client-maxseenrate>
      <client-ip-address type="tcp">128.173.147.223</client-ip-address>
    </wireless-client>
    <wireless-client number="6" type="fromds" wep="false" first-time="Tue Jan 13 05:14:24 2004" last-time="Tue Jan 13 05:14:24 2004">
      <client-mac>00:90:4B:6F:14:A2</client-mac>
      <client-packets>
        <client-data>1</client-data>
        <client-crypt>0</client-crypt>
        <client-weak>0</client-weak>
      </client-packets>
      <client-gps-info unit="english">
        <client-min-lat>90.000000</client-min-lat>
        <client-min-lon>180.000000</client-min-lon>
        <client-min-alt>0.000000</client-min-alt>
        <client-min-spd>0.000000</client-min-spd>
        <client-max-lat>-90.000000</client-max-lat>
        <client-max-lon>-180.000000</client-max-lon>
        <client-max-alt>0.000000</client-max-alt>
        <client-max-spd>0.000000</client-max-spd>
      </client-gps-info>
      <client-datasize>110</client-datasize>
      <client-maxrate>0.0</client-maxrate>
      <client-maxseenrate>0</client-maxseenrate>
      <client-ip-address type="tcp">128.173.146.117</client-ip-address>
    </wireless-client>
    <wireless-client number="7" type="fromds" wep="false" first-time="Tue Jan 13 05:14:24 2004" last-time="Tue Jan 13 05:14:24 2004">
      <client-mac>00:13:CE:32:C9:E1</client-mac>
      <client-packets>
        <client-data>1</client-data>
        <client-crypt>0</client-crypt>
        <client-weak>0</client-weak>
      </client-packets>
      <client-gps-info unit="english">
        <client-min-lat>90.000000</client-min-lat>
        <client-min-lon>180.000000</client-min-lon>
        <client-min-alt>0.000000</client-min-alt>
        <client-min-spd>0.000000</client-min-spd>
        <client-max-lat>-90.000000</client-max-lat>
        <client-max-lon>-180.000000</client-max-lon>
        <client-max-alt>0.000000</client-max-alt>
        <client-max-spd>0.000000</client-max-spd>
      </client-gps-info>
      <client-datasize>128</client-datasize>
      <client-maxrate>0.0</client-maxrate>
      <client-maxseenrate>0</client-maxseenrate>
      <client-ip-address type="tcp">128.173.144.105</client-ip-address>
    </wireless-client>
    <wireless-client number="8" type="fromds" wep="false" first-time="Tue Jan 13 05:14:24 2004" last-time="Tue Jan 13 05:14:24 2004">
      <client-mac>00:0F:66:6F:23:BD</client-mac>
      <client-packets>
        <client-data>1</client-data>
        <client-crypt>0</client-crypt>
        <client-weak>0</client-weak>
      </client-packets>
      <client-gps-info unit="english">
        <client-min-lat>90.000000</client-min-lat>
        <client-min-lon>180.000000</client-min-lon>
        <client-min-alt>0.000000</client-min-alt>
        <client-min-spd>0.000000</client-min-spd>
        <client-max-lat>-90.000000</client-max-lat>
        <client-max-lon>-180.000000</client-max-lon>
        <client-max-alt>0.000000</client-max-alt>
        <client-max-spd>0.000000</client-max-spd>
      </client-gps-info>
      <client-datasize>110</client-datasize>
      <client-maxrate>0.0</client-maxrate>
      <client-maxseenrate>0</client-maxseenrate>
      <client-ip-address type="tcp">128.173.144.67</client-ip-address>
    </wireless-client>
    <wireless-client number="9" type="fromds" wep="false" first-time="Tue Jan 13 05:14:27 2004" last-time="Tue Jan 13 05:14:27 2004">
      <client-mac>00:12:F0:75:6A:5E</client-mac>
      <client-packets>
        <client-data>1</client-data>
        <client-crypt>0</client-crypt>
        <client-weak>0</client-weak>
      </client-packets>
      <client-gps-info unit="english">
        <client-min-lat>90.000000</client-min-lat>
        <client-min-lon>180.000000</client-min-lon>
        <client-min-alt>0.000000</client-min-alt>
        <client-min-spd>0.000000</client-min-spd>
        <client-max-lat>-90.000000</client-max-lat>
        <client-max-lon>-180.000000</client-max-lon>
        <client-max-alt>0.000000</client-max-alt>
        <client-max-spd>0.000000</client-max-spd>
      </client-gps-info>
      <client-datasize>128</client-datasize>
      <client-maxrate>0.0</client-maxrate>
      <client-maxseenrate>0</client-maxseenrate>
      <client-ip-address type="tcp">128.173.145.87</client-ip-address>
    </wireless-client>
    <wireless-client number="10" type="fromds" wep="false" first-time="Tue Jan 13 05:14:27 2004" last-time="Tue Jan 13 05:14:27 2004">
      <client-mac>00:05:4E:46:1E:FB</client-mac>
      <client-packets>
        <client-data>1</client-data>
        <client-crypt>0</client-crypt>
        <client-weak>0</client-weak>
      </client-packets>
      <client-gps-info unit="english">
        <client-min-lat>90.000000</client-min-lat>
        <client-min-lon>180.000000</client-min-lon>
        <client-min-alt>0.000000</client-min-alt>
        <client-min-spd>0.000000</client-min-spd>
        <client-max-lat>-90.000000</client-max-lat>
        <client-max-lon>-180.000000</client-max-lon>
        <client-max-alt>0.000000</client-max-alt>
        <client-max-spd>0.000000</client-max-spd>
      </client-gps-info>
      <client-datasize>110</client-datasize>
      <client-maxrate>0.0</client-maxrate>
      <client-maxseenrate>0</client-maxseenrate>
      <client-ip-address type="tcp">128.173.146.15</client-ip-address>
    </wireless-client>
    <wireless-client number="11" type="fromds" wep="false" first-time="Tue Jan 13 05:14:29 2004" last-time="Tue Jan 13 05:14:29 2004">
      <client-mac>00:13:CE:46:92:28</client-mac>
      <client-packets>
        <client-data>1</client-data>
        <client-crypt>0</client-crypt>
        <client-weak>0</client-weak>
      </client-packets>
      <client-gps-info unit="english">
        <client-min-lat>90.000000</client-min-lat>
        <client-min-lon>180.000000</client-min-lon>
        <client-min-alt>0.000000</client-min-alt>
        <client-min-spd>0.000000</client-min-spd>
        <client-max-lat>-90.000000</client-max-lat>
        <client-max-lon>-180.000000</client-max-lon>
        <client-max-alt>0.000000</client-max-alt>
        <client-max-spd>0.000000</client-max-spd>
      </client-gps-info>
      <client-datasize>110</client-datasize>
      <client-maxrate>0.0</client-maxrate>
      <client-maxseenrate>0</client-maxseenrate>
      <client-ip-address type="tcp">128.173.145.130</client-ip-address>
    </wireless-client>
    <wireless-client number="12" type="fromds" wep="false" first-time="Tue Jan 13 05:14:29 2004" last-time="Tue Jan 13 05:14:29 2004">
      <client-mac>00:90:4B:1F:7F:20</client-mac>
      <client-packets>
        <client-data>1</client-data>
        <client-crypt>0</client-crypt>
        <client-weak>0</client-weak>
      </client-packets>
      <client-gps-info unit="english">
        <client-min-lat>90.000000</client-min-lat>
        <client-min-lon>180.000000</client-min-lon>
        <client-min-alt>0.000000</client-min-alt>
        <client-min-spd>0.000000</client-min-spd>
        <client-max-lat>-90.000000</client-max-lat>
        <client-max-lon>-180.000000</client-max-lon>
        <client-max-alt>0.000000</client-max-alt>
        <client-max-spd>0.000000</client-max-spd>
      </client-gps-info>
      <client-datasize>128</client-datasize>
      <client-maxrate>0.0</client-maxrate>
      <client-maxseenrate>0</client-maxseenrate>
      <client-ip-address type="tcp">128.173.147.176</client-ip-address>
    </wireless-client>
  </wireless-network>
  <wireless-network number="9" type="infrastructure" wep="false" cloaked="false" first-time="Tue Jan 13 05:14:16 2004" last-time="Tue Jan 13 05:14:30 2004">
    <SSID>VT_WLAN</SSID>
    <BSSID>00:11:20:98:C3:70</BSSID>
    <channel>4</channel>
    <maxrate>18.0</maxrate>
    <maxseenrate>0</maxseenrate>
    <carrier>IEEE 802.11b</carrier>
    <packets>
      <LLC>69</LLC>
      <data>23</data>
      <crypt>0</crypt>
      <weak>0</weak>
      <dupeiv>0</dupeiv>
      <total>92</total>
    </packets>
    <datasize>3068</datasize>
    <gps-info unit="english">
      <min-lat>90.000000</min-lat>
      <min-lon>180.000000</min-lon>
      <min-alt>0.000000</min-alt>
      <min-spd>0.000000</min-spd>
      <max-lat>-90.000000</max-lat>
      <max-lon>-180.000000</max-lon>
      <max-alt>0.000000</max-alt>
      <max-spd>0.000000</max-spd>
    </gps-info>
    <ip-address type="tcp">
      <ip-range>128.173.0.0</ip-range>
    </ip-address>
    <wireless-client number="1" type="fromds" wep="false" first-time="Tue Jan 13 05:14:17 2004" last-time="Tue Jan 13 05:14:17 2004">
      <client-mac>00:90:96:B4:52:44</client-mac>
      <client-packets>
        <client-data>1</client-data>
        <client-crypt>0</client-crypt>
        <client-weak>0</client-weak>
      </client-packets>
      <client-gps-info unit="english">
        <client-min-lat>90.000000</client-min-lat>
        <client-min-lon>180.000000</client-min-lon>
        <client-min-alt>0.000000</client-min-alt>
        <client-min-spd>0.000000</client-min-spd>
        <client-max-lat>-90.000000</client-max-lat>
        <client-max-lon>-180.000000</client-max-lon>
        <client-max-alt>0.000000</client-max-alt>
        <client-max-spd>0.000000</client-max-spd>
      </client-gps-info>
      <client-datasize>110</client-datasize>
      <client-maxrate>0.0</client-maxrate>
      <client-maxseenrate>0</client-maxseenrate>
      <client-ip-address type="tcp">128.173.144.17</client-ip-address>
    </wireless-client>
    <wireless-client number="2" type="fromds" wep="false" first-time="Tue Jan 13 05:14:17 2004" last-time="Tue Jan 13 05:14:17 2004">
      <client-mac>00:0E:35:75:D4:9D</client-mac>
      <client-packets>
        <client-data>2</client-data>
        <client-crypt>0</client-crypt>
        <client-weak>0</client-weak>
      </client-packets>
      <client-gps-info unit="english">
        <client-min-lat>90.000000</client-min-lat>
        <client-min-lon>180.000000</client-min-lon>
        <client-min-alt>0.000000</client-min-alt>
        <client-min-spd>0.000000</client-min-spd>
        <client-max-lat>-90.000000</client-max-lat>
        <client-max-lon>-180.000000</client-max-lon>
        <client-max-alt>0.000000</client-max-alt>
        <client-max-spd>0.000000</client-max-spd>
      </client-gps-info>
      <client-datasize>220</client-datasize>
      <client-maxrate>0.0</client-maxrate>
      <client-maxseenrate>0</client-maxseenrate>
      <client-ip-address type="tcp">128.173.144.31</client-ip-address>
    </wireless-client>
    <wireless-client number="3" type="fromds" wep="false" first-time="Tue Jan 13 05:14:17 2004" last-time="Tue Jan 13 05:14:17 2004">
      <client-mac>00:12:79:40:9E:6E</client-mac>
      <client-packets>
        <client-data>1</client-data>
        <client-crypt>0</client-crypt>
        <client-weak>0</client-weak>
      </client-packets>
      <client-gps-info unit="english">
        <client-min-lat>90.000000</client-min-lat>
        <client-min-lon>180.000000</client-min-lon>
        <client-min-alt>0.000000</client-min-alt>
        <client-min-spd>0.000000</client-min-spd>
        <client-max-lat>-90.000000</client-max-lat>
        <client-max-lon>-180.000000</client-max-lon>
        <client-max-alt>0.000000</client-max-alt>
        <client-max-spd>0.000000</client-max-spd>
      </client-gps-info>
      <client-datasize>110</client-datasize>
      <client-maxrate>0.0</client-maxrate>
      <client-maxseenrate>0</client-maxseenrate>
      <client-ip-address type="tcp">128.173.147.224</client-ip-address>
    </wireless-client>
    <wireless-client number="4" type="fromds" wep="false" first-time="Tue Jan 13 05:14:17 2004" last-time="Tue Jan 13 05:14:17 2004">
      <client-mac>00:14:A5:30:30:2D</client-mac>
      <client-packets>
        <client-data>1</client-data>
        <client-crypt>0</client-crypt>
        <client-weak>0</client-weak>
      </client-packets>
      <client-gps-info unit="english">
        <client-min-lat>90.000000</client-min-lat>
        <client-min-lon>180.000000</client-min-lon>
        <client-min-alt>0.000000</client-min-alt>
        <client-min-spd>0.000000</client-min-spd>
        <client-max-lat>-90.000000</client-max-lat>
        <client-max-lon>-180.000000</client-max-lon>
        <client-max-alt>0.000000</client-max-alt>
        <client-max-spd>0.000000</client-max-spd>
      </client-gps-info>
      <client-datasize>110</client-datasize>
      <client-maxrate>0.0</client-maxrate>
      <client-maxseenrate>0</client-maxseenrate>
      <client-ip-address type="tcp">128.173.146.93</client-ip-address>
    </wireless-client>
    <wireless-client number="5" type="fromds" wep="false" first-time="Tue Jan 13 05:14:19 2004" last-time="Tue Jan 13 05:14:24 2004">
      <client-mac>00:90:4B:6F:14:A2</client-mac>
      <client-packets>
        <client-data>2</client-data>
        <client-crypt>0</client-crypt>
        <client-weak>0</client-weak>
      </client-packets>
      <client-gps-info unit="english">
        <client-min-lat>90.000000</client-min-lat>
        <client-min-lon>180.000000</client-min-lon>
        <client-min-alt>0.000000</client-min-alt>
        <client-min-spd>0.000000</client-min-spd>
        <client-max-lat>-90.000000</client-max-lat>
        <client-max-lon>-180.000000</client-max-lon>
        <client-max-alt>0.000000</client-max-alt>
        <client-max-spd>0.000000</client-max-spd>
      </client-gps-info>
      <client-datasize>220</client-datasize>
      <client-maxrate>0.0</client-maxrate>
      <client-maxseenrate>0</client-maxseenrate>
      <client-ip-address type="tcp">128.173.146.117</client-ip-address>
    </wireless-client>
    <wireless-client number="6" type="fromds" wep="false" first-time="Tue Jan 13 05:14:19 2004" last-time="Tue Jan 13 05:14:26 2004">
      <client-mac>00:12:17:47:B0:FC</client-mac>
      <client-packets>
        <client-data>3</client-data>
        <client-crypt>0</client-crypt>
        <client-weak>0</client-weak>
      </client-packets>
      <client-gps-info unit="english">
        <client-min-lat>90.000000</client-min-lat>
        <client-min-lon>180.000000</client-min-lon>
        <client-min-alt>0.000000</client-min-alt>
        <client-min-spd>0.000000</client-min-spd>
        <client-max-lat>-90.000000</client-max-lat>
        <client-max-lon>-180.000000</client-max-lon>
        <client-max-alt>0.000000</client-max-alt>
        <client-max-spd>0.000000</client-max-spd>
      </client-gps-info>
      <client-datasize>454</client-datasize>
      <client-maxrate>0.0</client-maxrate>
      <client-maxseenrate>0</client-maxseenrate>
      <client-ip-address type="tcp">128.173.147.122</client-ip-address>
    </wireless-client>
    <wireless-client number="7" type="fromds" wep="false" first-time="Tue Jan 13 05:14:22 2004" last-time="Tue Jan 13 05:14:22 2004">
      <client-mac>00:11:21:3E:DF:06</client-mac>
      <client-packets>
        <client-data>1</client-data>
        <client-crypt>0</client-crypt>
        <client-weak>0</client-weak>
      </client-packets>
      <client-gps-info unit="english">
        <client-min-lat>90.000000</client-min-lat>
        <client-min-lon>180.000000</client-min-lon>
        <client-min-alt>0.000000</client-min-alt>
        <client-min-spd>0.000000</client-min-spd>
        <client-max-lat>-90.000000</client-max-lat>
        <client-max-lon>-180.000000</client-max-lon>
        <client-max-alt>0.000000</client-max-alt>
        <client-max-spd>0.000000</client-max-spd>
      </client-gps-info>
      <client-datasize>74</client-datasize>
      <client-maxrate>0.0</client-maxrate>
      <client-maxseenrate>0</client-maxseenrate>
    </wireless-client>
    <wireless-client number="8" type="fromds" wep="false" first-time="Tue Jan 13 05:14:22 2004" last-time="Tue Jan 13 05:14:22 2004">
      <client-mac>00:12:F0:01:BA:E2</client-mac>
      <client-packets>
        <client-data>1</client-data>
        <client-crypt>0</client-crypt>
        <client-weak>0</client-weak>
      </client-packets>
      <client-gps-info unit="english">
        <client-min-lat>90.000000</client-min-lat>
        <client-min-lon>180.000000</client-min-lon>
        <client-min-alt>0.000000</client-min-alt>
        <client-min-spd>0.000000</client-min-spd>
        <client-max-lat>-90.000000</client-max-lat>
        <client-max-lon>-180.000000</client-max-lon>
        <client-max-alt>0.000000</client-max-alt>
        <client-max-spd>0.000000</client-max-spd>
      </client-gps-info>
      <client-datasize>362</client-datasize>
      <client-maxrate>0.0</client-maxrate>
      <client-maxseenrate>0</client-maxseenrate>
      <client-ip-address type="udp">128.173.145.99</client-ip-address>
    </wireless-client>
    <wireless-client number="9" type="fromds" wep="false" first-time="Tue Jan 13 05:14:22 2004" last-time="Tue Jan 13 05:14:22 2004">
      <client-mac>00:04:23:A7:C8:7A</client-mac>
      <client-packets>
        <client-data>1</client-data>
        <client-crypt>0</client-crypt>
        <client-weak>0</client-weak>
      </client-packets>
      <client-gps-info unit="english">
        <client-min-lat>90.000000</client-min-lat>
        <client-min-lon>180.000000</client-min-lon>
        <client-min-alt>0.000000</client-min-alt>
        <client-min-spd>0.000000</client-min-spd>
        <client-max-lat>-90.000000</client-max-lat>
        <client-max-lon>-180.000000</client-max-lon>
        <client-max-alt>0.000000</client-max-alt>
        <client-max-spd>0.000000</client-max-spd>
      </client-gps-info>
      <client-datasize>78</client-datasize>
      <client-maxrate>0.0</client-maxrate>
      <client-maxseenrate>0</client-maxseenrate>
    </wireless-client>
    <wireless-client number="10" type="fromds" wep="false" first-time="Tue Jan 13 05:14:24 2004" last-time="Tue Jan 13 05:14:24 2004">
      <client-mac>00:13:CE:C0:EC:33</client-mac>
      <client-packets>
        <client-data>2</client-data>
        <client-crypt>0</client-crypt>
        <client-weak>0</client-weak>
      </client-packets>
      <client-gps-info unit="english">
        <client-min-lat>90.000000</client-min-lat>
        <client-min-lon>180.000000</client-min-lon>
        <client-min-alt>0.000000</client-min-alt>
        <client-min-spd>0.000000</client-min-spd>
        <client-max-lat>-90.000000</client-max-lat>
        <client-max-lon>-180.000000</client-max-lon>
        <client-max-alt>0.000000</client-max-alt>
        <client-max-spd>0.000000</client-max-spd>
      </client-gps-info>
      <client-datasize>344</client-datasize>
      <client-maxrate>0.0</client-maxrate>
      <client-maxseenrate>0</client-maxseenrate>
      <client-ip-address type="tcp">128.173.146.95</client-ip-address>
    </wireless-client>
    <wireless-client number="11" type="fromds" wep="false" first-time="Tue Jan 13 05:14:24 2004" last-time="Tue Jan 13 05:14:24 2004">
      <client-mac>00:58:6B:1A:CE:32</client-mac>
      <client-packets>
        <client-data>1</client-data>
        <client-crypt>0</client-crypt>
        <client-weak>0</client-weak>
      </client-packets>
      <client-gps-info unit="english">
        <client-min-lat>90.000000</client-min-lat>
        <client-min-lon>180.000000</client-min-lon>
        <client-min-alt>0.000000</client-min-alt>
        <client-min-spd>0.000000</client-min-spd>
        <client-max-lat>-90.000000</client-max-lat>
        <client-max-lon>-180.000000</client-max-lon>
        <client-max-alt>0.000000</client-max-alt>
        <client-max-spd>0.000000</client-max-spd>
      </client-gps-info>
      <client-datasize>110</client-datasize>
      <client-maxrate>0.0</client-maxrate>
      <client-maxseenrate>0</client-maxseenrate>
      <client-ip-address type="tcp">128.173.146.149</client-ip-address>
    </wireless-client>
    <wireless-client number="12" type="fromds" wep="false" first-time="Tue Jan 13 05:14:24 2004" last-time="Tue Jan 13 05:14:24 2004">
      <client-mac>00:11:24:9E:5D:32</client-mac>
      <client-packets>
        <client-data>1</client-data>
        <client-crypt>0</client-crypt>
        <client-weak>0</client-weak>
      </client-packets>
      <client-gps-info unit="english">
        <client-min-lat>90.000000</client-min-lat>
        <client-min-lon>180.000000</client-min-lon>
        <client-min-alt>0.000000</client-min-alt>
        <client-min-spd>0.000000</client-min-spd>
        <client-max-lat>-90.000000</client-max-lat>
        <client-max-lon>-180.000000</client-max-lon>
        <client-max-alt>0.000000</client-max-alt>
        <client-max-spd>0.000000</client-max-spd>
      </client-gps-info>
      <client-datasize>88</client-datasize>
      <client-maxrate>0.0</client-maxrate>
      <client-maxseenrate>0</client-maxseenrate>
    </wireless-client>
    <wireless-client number="13" type="fromds" wep="false" first-time="Tue Jan 13 05:14:24 2004" last-time="Tue Jan 13 05:14:24 2004">
      <client-mac>00:14:BF:C1:D2:D4</client-mac>
      <client-packets>
        <client-data>2</client-data>
        <client-crypt>0</client-crypt>
        <client-weak>0</client-weak>
      </client-packets>
      <client-gps-info unit="english">
        <client-min-lat>90.000000</client-min-lat>
        <client-min-lon>180.000000</client-min-lon>
        <client-min-alt>0.000000</client-min-alt>
        <client-min-spd>0.000000</client-min-spd>
        <client-max-lat>-90.000000</client-max-lat>
        <client-max-lon>-180.000000</client-max-lon>
        <client-max-alt>0.000000</client-max-alt>
        <client-max-spd>0.000000</client-max-spd>
      </client-gps-info>
      <client-datasize>344</client-datasize>
      <client-maxrate>0.0</client-maxrate>
      <client-maxseenrate>0</client-maxseenrate>
      <client-ip-address type="tcp">128.173.147.223</client-ip-address>
    </wireless-client>
    <wireless-client number="14" type="fromds" wep="false" first-time="Tue Jan 13 05:14:24 2004" last-time="Tue Jan 13 05:14:24 2004">
      <client-mac>00:13:CE:32:C9:E1</client-mac>
      <client-packets>
        <client-data>1</client-data>
        <client-crypt>0</client-crypt>
        <client-weak>0</client-weak>
      </client-packets>
      <client-gps-info unit="english">
        <client-min-lat>90.000000</client-min-lat>
        <client-min-lon>180.000000</client-min-lon>
        <client-min-alt>0.000000</client-min-alt>
        <client-min-spd>0.000000</client-min-spd>
        <client-max-lat>-90.000000</client-max-lat>
        <client-max-lon>-180.000000</client-max-lon>
        <client-max-alt>0.000000</client-max-alt>
        <client-max-spd>0.000000</client-max-spd>
      </client-gps-info>
      <client-datasize>128</client-datasize>
      <client-maxrate>0.0</client-maxrate>
      <client-maxseenrate>0</client-maxseenrate>
      <client-ip-address type="tcp">128.173.144.105</client-ip-address>
    </wireless-client>
    <wireless-client number="15" type="fromds" wep="false" first-time="Tue Jan 13 05:14:26 2004" last-time="Tue Jan 13 05:14:26 2004">
      <client-mac>00:12:F0:94:2B:EE</client-mac>
      <client-packets>
        <client-data>1</client-data>
        <client-crypt>0</client-crypt>
        <client-weak>0</client-weak>
      </client-packets>
      <client-gps-info unit="english">
        <client-min-lat>90.000000</client-min-lat>
        <client-min-lon>180.000000</client-min-lon>
        <client-min-alt>0.000000</client-min-alt>
        <client-min-spd>0.000000</client-min-spd>
        <client-max-lat>-90.000000</client-max-lat>
        <client-max-lon>-180.000000</client-max-lon>
        <client-max-alt>0.000000</client-max-alt>
        <client-max-spd>0.000000</client-max-spd>
      </client-gps-info>
      <client-datasize>78</client-datasize>
      <client-maxrate>0.0</client-maxrate>
      <client-maxseenrate>0</client-maxseenrate>
    </wireless-client>
    <wireless-client number="16" type="fromds" wep="false" first-time="Tue Jan 13 05:14:27 2004" last-time="Tue Jan 13 05:14:27 2004">
      <client-mac>00:12:F0:75:6A:5E</client-mac>
      <client-packets>
        <client-data>1</client-data>
        <client-crypt>0</client-crypt>
        <client-weak>0</client-weak>
      </client-packets>
      <client-gps-info unit="english">
        <client-min-lat>90.000000</client-min-lat>
        <client-min-lon>180.000000</client-min-lon>
        <client-min-alt>0.000000</client-min-alt>
        <client-min-spd>0.000000</client-min-spd>
        <client-max-lat>-90.000000</client-max-lat>
        <client-max-lon>-180.000000</client-max-lon>
        <client-max-alt>0.000000</client-max-alt>
        <client-max-spd>0.000000</client-max-spd>
      </client-gps-info>
      <client-datasize>128</client-datasize>
      <client-maxrate>0.0</client-maxrate>
      <client-maxseenrate>0</client-maxseenrate>
      <client-ip-address type="tcp">128.173.145.87</client-ip-address>
    </wireless-client>
    <wireless-client number="17" type="fromds" wep="false" first-time="Tue Jan 13 05:14:29 2004" last-time="Tue Jan 13 05:14:29 2004">
      <client-mac>00:05:4E:46:1E:FB</client-mac>
      <client-packets>
        <client-data>1</client-data>
        <client-crypt>0</client-crypt>
        <client-weak>0</client-weak>
      </client-packets>
      <client-gps-info unit="english">
        <client-min-lat>90.000000</client-min-lat>
        <client-min-lon>180.000000</client-min-lon>
        <client-min-alt>0.000000</client-min-alt>
        <client-min-spd>0.000000</client-min-spd>
        <client-max-lat>-90.000000</client-max-lat>
        <client-max-lon>-180.000000</client-max-lon>
        <client-max-alt>0.000000</client-max-alt>
        <client-max-spd>0.000000</client-max-spd>
      </client-gps-info>
      <client-datasize>110</client-datasize>
      <client-maxrate>0.0</client-maxrate>
      <client-maxseenrate>0</client-maxseenrate>
      <client-ip-address type="tcp">128.173.146.15</client-ip-address>
    </wireless-client>
  </wireless-network>
  <wireless-network number="10" type="infrastructure" wep="false" cloaked="false" first-time="Tue Jan 13 05:14:16 2004" last-time="Tue Jan 13 05:14:30 2004">
    <SSID>VT_WLAN</SSID>
    <BSSID>00:11:20:98:BF:A0</BSSID>
    <channel>2</channel>
    <maxrate>18.0</maxrate>
    <maxseenrate>0</maxseenrate>
    <carrier>IEEE 802.11b</carrier>
    <packets>
      <LLC>10</LLC>
      <data>0</data>
      <crypt>0</crypt>
      <weak>0</weak>
      <dupeiv>0</dupeiv>
      <total>10</total>
    </packets>
    <datasize>0</datasize>
    <gps-info unit="english">
      <min-lat>90.000000</min-lat>
      <min-lon>180.000000</min-lon>
      <min-alt>0.000000</min-alt>
      <min-spd>0.000000</min-spd>
      <max-lat>-90.000000</max-lat>
      <max-lon>-180.000000</max-lon>
      <max-alt>0.000000</max-alt>
      <max-spd>0.000000</max-spd>
    </gps-info>
  </wireless-network>
  <wireless-network number="11" type="infrastructure" wep="false" cloaked="false" first-time="Tue Jan 13 05:14:16 2004" last-time="Tue Jan 13 05:14:30 2004">
    <SSID>VT_WLAN</SSID>
    <BSSID>00:11:20:A4:5F:90</BSSID>
    <channel>10</channel>
    <maxrate>18.0</maxrate>
    <maxseenrate>0</maxseenrate>
    <carrier>IEEE 802.11b</carrier>
    <packets>
      <LLC>52</LLC>
      <data>0</data>
      <crypt>0</crypt>
      <weak>0</weak>
      <dupeiv>0</dupeiv>
      <total>52</total>
    </packets>
    <datasize>0</datasize>
    <gps-info unit="english">
      <min-lat>90.000000</min-lat>
      <min-lon>180.000000</min-lon>
      <min-alt>0.000000</min-alt>
      <min-spd>0.000000</min-spd>
      <max-lat>-90.000000</max-lat>
      <max-lon>-180.000000</max-lon>
      <max-alt>0.000000</max-alt>
      <max-spd>0.000000</max-spd>
    </gps-info>
    <ip-address type="udp">
      <ip-range>128.173.0.0</ip-range>
    </ip-address>
  </wireless-network>
  <wireless-network number="12" type="infrastructure" wep="false" cloaked="false" first-time="Tue Jan 13 05:14:17 2004" last-time="Tue Jan 13 05:14:26 2004">
    <SSID>VT_WLAN</SSID>
    <BSSID>00:0F:23:EA:49:E0</BSSID>
    <channel>4</channel>
    <maxrate>18.0</maxrate>
    <maxseenrate>0</maxseenrate>
    <carrier>IEEE 802.11b</carrier>
    <packets>
      <LLC>8</LLC>
      <data>4</data>
      <crypt>0</crypt>
      <weak>0</weak>
      <dupeiv>0</dupeiv>
      <total>12</total>
    </packets>
    <datasize>570</datasize>
    <gps-info unit="english">
      <min-lat>90.000000</min-lat>
      <min-lon>180.000000</min-lon>
      <min-alt>0.000000</min-alt>
      <min-spd>0.000000</min-spd>
      <max-lat>-90.000000</max-lat>
      <max-lon>-180.000000</max-lon>
      <max-alt>0.000000</max-alt>
      <max-spd>0.000000</max-spd>
    </gps-info>
    <ip-address type="tcp">
      <ip-range>128.173.0.0</ip-range>
    </ip-address>
    <wireless-client number="1" type="fromds" wep="false" first-time="Tue Jan 13 05:14:22 2004" last-time="Tue Jan 13 05:14:22 2004">
      <client-mac>00:13:C4:C4:BE:0A</client-mac>
      <client-packets>
        <client-data>1</client-data>
        <client-crypt>0</client-crypt>
        <client-weak>0</client-weak>
      </client-packets>
      <client-gps-info unit="english">
        <client-min-lat>90.000000</client-min-lat>
        <client-min-lon>180.000000</client-min-lon>
        <client-min-alt>0.000000</client-min-alt>
        <client-min-spd>0.000000</client-min-spd>
        <client-max-lat>-90.000000</client-max-lat>
        <client-max-lon>-180.000000</client-max-lon>
        <client-max-alt>0.000000</client-max-alt>
        <client-max-spd>0.000000</client-max-spd>
      </client-gps-info>
      <client-datasize>74</client-datasize>
      <client-maxrate>0.0</client-maxrate>
      <client-maxseenrate>0</client-maxseenrate>
    </wireless-client>
    <wireless-client number="2" type="fromds" wep="false" first-time="Tue Jan 13 05:14:22 2004" last-time="Tue Jan 13 05:14:22 2004">
      <client-mac>00:13:CE:32:C9:E1</client-mac>
      <client-packets>
        <client-data>2</client-data>
        <client-crypt>0</client-crypt>
        <client-weak>0</client-weak>
      </client-packets>
      <client-gps-info unit="english">
        <client-min-lat>90.000000</client-min-lat>
        <client-min-lon>180.000000</client-min-lon>
        <client-min-alt>0.000000</client-min-alt>
        <client-min-spd>0.000000</client-min-spd>
        <client-max-lat>-90.000000</client-max-lat>
        <client-max-lon>-180.000000</client-max-lon>
        <client-max-alt>0.000000</client-max-alt>
        <client-max-spd>0.000000</client-max-spd>
      </client-gps-info>
      <client-datasize>386</client-datasize>
      <client-maxrate>0.0</client-maxrate>
      <client-maxseenrate>0</client-maxseenrate>
      <client-ip-address type="udp">128.173.144.105</client-ip-address>
    </wireless-client>
    <wireless-client number="3" type="fromds" wep="false" first-time="Tue Jan 13 05:14:26 2004" last-time="Tue Jan 13 05:14:26 2004">
      <client-mac>00:12:17:47:B0:FC</client-mac>
      <client-packets>
        <client-data>1</client-data>
        <client-crypt>0</client-crypt>
        <client-weak>0</client-weak>
      </client-packets>
      <client-gps-info unit="english">
        <client-min-lat>90.000000</client-min-lat>
        <client-min-lon>180.000000</client-min-lon>
        <client-min-alt>0.000000</client-min-alt>
        <client-min-spd>0.000000</client-min-spd>
        <client-max-lat>-90.000000</client-max-lat>
        <client-max-lon>-180.000000</client-max-lon>
        <client-max-alt>0.000000</client-max-alt>
        <client-max-spd>0.000000</client-max-spd>
      </client-gps-info>
      <client-datasize>110</client-datasize>
      <client-maxrate>0.0</client-maxrate>
      <client-maxseenrate>0</client-maxseenrate>
      <client-ip-address type="tcp">128.173.147.122</client-ip-address>
    </wireless-client>
  </wireless-network>
  <wireless-network number="13" type="infrastructure" wep="false" cloaked="false" first-time="Tue Jan 13 05:14:17 2004" last-time="Tue Jan 13 05:14:30 2004">
    <SSID>WNMS</SSID>
    <BSSID>00:02:B3:A5:B8:B0</BSSID>
    <channel>10</channel>
    <maxrate>11.0</maxrate>
    <maxseenrate>0</maxseenrate>
    <carrier>IEEE 802.11b</carrier>
    <packets>
      <LLC>60</LLC>
      <data>18</data>
      <crypt>0</crypt>
      <weak>0</weak>
      <dupeiv>0</dupeiv>
      <total>78</total>
    </packets>
    <datasize>1830</datasize>
    <gps-info unit="english">
      <min-lat>90.000000</min-lat>
      <min-lon>180.000000</min-lon>
      <min-alt>0.000000</min-alt>
      <min-spd>0.000000</min-spd>
      <max-lat>-90.000000</max-lat>
      <max-lon>-180.000000</max-lon>
      <max-alt>0.000000</max-alt>
      <max-spd>0.000000</max-spd>
    </gps-info>
    <ip-address type="tcp">
      <ip-range>10.10.1.0</ip-range>
    </ip-address>
    <wireless-client number="1" type="established" wep="false" first-time="Tue Jan 13 05:14:20 2004" last-time="Tue Jan 13 05:14:20 2004">
      <client-mac>00:40:96:3A:09:1B</client-mac>
      <client-packets>
        <client-data>3</client-data>
        <client-crypt>0</client-crypt>
        <client-weak>0</client-weak>
      </client-packets>
      <client-gps-info unit="english">
        <client-min-lat>90.000000</client-min-lat>
        <client-min-lon>180.000000</client-min-lon>
        <client-min-alt>0.000000</client-min-alt>
        <client-min-spd>0.000000</client-min-spd>
        <client-max-lat>-90.000000</client-max-lat>
        <client-max-lon>-180.000000</client-max-lon>
        <client-max-alt>0.000000</client-max-alt>
        <client-max-spd>0.000000</client-max-spd>
      </client-gps-info>
      <client-datasize>276</client-datasize>
      <client-maxrate>0.0</client-maxrate>
      <client-maxseenrate>0</client-maxseenrate>
      <client-ip-address type="tcp">10.10.1.7</client-ip-address>
    </wireless-client>
    <wireless-client number="2" type="established" wep="false" first-time="Tue Jan 13 05:14:20 2004" last-time="Tue Jan 13 05:14:20 2004">
      <client-mac>00:40:96:48:5D:CD</client-mac>
      <client-packets>
        <client-data>3</client-data>
        <client-crypt>0</client-crypt>
        <client-weak>0</client-weak>
      </client-packets>
      <client-gps-info unit="english">
        <client-min-lat>90.000000</client-min-lat>
        <client-min-lon>180.000000</client-min-lon>
        <client-min-alt>0.000000</client-min-alt>
        <client-min-spd>0.000000</client-min-spd>
        <client-max-lat>-90.000000</client-max-lat>
        <client-max-lon>-180.000000</client-max-lon>
        <client-max-alt>0.000000</client-max-alt>
        <client-max-spd>0.000000</client-max-spd>
      </client-gps-info>
      <client-datasize>348</client-datasize>
      <client-maxrate>0.0</client-maxrate>
      <client-maxseenrate>0</client-maxseenrate>
    </wireless-client>
    <wireless-client number="3" type="established" wep="false" first-time="Tue Jan 13 05:14:22 2004" last-time="Tue Jan 13 05:14:22 2004">
      <client-mac>00:40:96:38:4B:05</client-mac>
      <client-packets>
        <client-data>3</client-data>
        <client-crypt>0</client-crypt>
        <client-weak>0</client-weak>
      </client-packets>
      <client-gps-info unit="english">
        <client-min-lat>90.000000</client-min-lat>
        <client-min-lon>180.000000</client-min-lon>
        <client-min-alt>0.000000</client-min-alt>
        <client-min-spd>0.000000</client-min-spd>
        <client-max-lat>-90.000000</client-max-lat>
        <client-max-lon>-180.000000</client-max-lon>
        <client-max-alt>0.000000</client-max-alt>
        <client-max-spd>0.000000</client-max-spd>
      </client-gps-info>
      <client-datasize>348</client-datasize>
      <client-maxrate>0.0</client-maxrate>
      <client-maxseenrate>0</client-maxseenrate>
    </wireless-client>
    <wireless-client number="4" type="established" wep="false" first-time="Tue Jan 13 05:14:22 2004" last-time="Tue Jan 13 05:14:22 2004">
      <client-mac>00:40:96:48:47:D2</client-mac>
      <client-packets>
        <client-data>3</client-data>
        <client-crypt>0</client-crypt>
        <client-weak>0</client-weak>
      </client-packets>
      <client-gps-info unit="english">
        <client-min-lat>90.000000</client-min-lat>
        <client-min-lon>180.000000</client-min-lon>
        <client-min-alt>0.000000</client-min-alt>
        <client-min-spd>0.000000</client-min-spd>
        <client-max-lat>-90.000000</client-max-lat>
        <client-max-lon>-180.000000</client-max-lon>
        <client-max-alt>0.000000</client-max-alt>
        <client-max-spd>0.000000</client-max-spd>
      </client-gps-info>
      <client-datasize>276</client-datasize>
      <client-maxrate>0.0</client-maxrate>
      <client-maxseenrate>0</client-maxseenrate>
      <client-ip-address type="tcp">10.10.1.4</client-ip-address>
    </wireless-client>
    <wireless-client number="5" type="interds" wep="false" first-time="Tue Jan 13 05:14:29 2004" last-time="Wed Dec 31 19:00:00 1969">
      <client-mac>00:02:B3:A5:B8:B0</client-mac>
      <client-packets>
        <client-data>0</client-data>
        <client-crypt>0</client-crypt>
        <client-weak>0</client-weak>
      </client-packets>
      <client-datasize>0</client-datasize>
      <client-maxrate>0.0</client-maxrate>
      <client-maxseenrate>0</client-maxseenrate>
    </wireless-client>
    <wireless-client number="6" type="established" wep="false" first-time="Tue Jan 13 05:14:29 2004" last-time="Tue Jan 13 05:14:30 2004">
      <client-mac>00:40:96:48:52:AF</client-mac>
      <client-packets>
        <client-data>6</client-data>
        <client-crypt>0</client-crypt>
        <client-weak>0</client-weak>
      </client-packets>
      <client-gps-info unit="english">
        <client-min-lat>90.000000</client-min-lat>
        <client-min-lon>180.000000</client-min-lon>
        <client-min-alt>0.000000</client-min-alt>
        <client-min-spd>0.000000</client-min-spd>
        <client-max-lat>-90.000000</client-max-lat>
        <client-max-lon>-180.000000</client-max-lon>
        <client-max-alt>0.000000</client-max-alt>
        <client-max-spd>0.000000</client-max-spd>
      </client-gps-info>
      <client-datasize>582</client-datasize>
      <client-maxrate>0.0</client-maxrate>
      <client-maxseenrate>0</client-maxseenrate>
      <client-ip-address type="arp">10.10.1.11</client-ip-address>
    </wireless-client>
  </wireless-network>
  <wireless-network number="14" type="ad-hoc" wep="false" cloaked="false" first-time="Tue Jan 13 05:14:18 2004" last-time="Tue Jan 13 05:14:29 2004">
    <SSID>WNMS</SSID>
    <BSSID>7E:00:03:02:65:01</BSSID>
    <channel>1</channel>
    <maxrate>11.0</maxrate>
    <maxseenrate>0</maxseenrate>
    <carrier>IEEE 802.11b</carrier>
    <packets>
      <LLC>37</LLC>
      <data>0</data>
      <crypt>0</crypt>
      <weak>0</weak>
      <dupeiv>0</dupeiv>
      <total>37</total>
    </packets>
    <datasize>0</datasize>
    <gps-info unit="english">
      <min-lat>90.000000</min-lat>
      <min-lon>180.000000</min-lon>
      <min-alt>0.000000</min-alt>
      <min-spd>0.000000</min-spd>
      <max-lat>-90.000000</max-lat>
      <max-lon>-180.000000</max-lon>
      <max-alt>0.000000</max-alt>
      <max-spd>0.000000</max-spd>
    </gps-info>
  </wireless-network>
  <wireless-network number="15" type="infrastructure" wep="false" cloaked="false" first-time="Tue Jan 13 05:14:21 2004" last-time="Tue Jan 13 05:14:29 2004">
    <SSID>VT_WLAN</SSID>
    <BSSID>00:11:20:98:C4:80</BSSID>
    <channel>3</channel>
    <maxrate>18.0</maxrate>
    <maxseenrate>0</maxseenrate>
    <carrier>IEEE 802.11b</carrier>
    <packets>
      <LLC>8</LLC>
      <data>0</data>
      <crypt>0</crypt>
      <weak>0</weak>
      <dupeiv>0</dupeiv>
      <total>8</total>
    </packets>
    <datasize>0</datasize>
    <gps-info unit="english">
      <min-lat>90.000000</min-lat>
      <min-lon>180.000000</min-lon>
      <min-alt>0.000000</min-alt>
      <min-spd>0.000000</min-spd>
      <max-lat>-90.000000</max-lat>
      <max-lon>-180.000000</max-lon>
      <max-alt>0.000000</max-alt>
      <max-spd>0.000000</max-spd>
    </gps-info>
    <ip-address type="tcp">
      <ip-range>128.173.0.0</ip-range>
    </ip-address>
  </wireless-network>
  <wireless-network number="16" type="unknown" wep="false" cloaked="false" first-time="Tue Jan 13 05:14:25 2004" last-time="Tue Jan 13 05:14:25 2004">
    <BSSID>00:11:F5:5A:95:FB</BSSID>
    <channel>0</channel>
    <maxrate>36.0</maxrate>
    <maxseenrate>0</maxseenrate>
    <carrier>IEEE 802.11b</carrier>
    <packets>
      <LLC>2</LLC>
      <data>0</data>
      <crypt>0</crypt>
      <weak>0</weak>
      <dupeiv>0</dupeiv>
      <total>2</total>
    </packets>
    <datasize>0</datasize>
    <gps-info unit="english">
      <min-lat>90.000000</min-lat>
      <min-lon>180.000000</min-lon>
      <min-alt>0.000000</min-alt>
      <min-spd>0.000000</min-spd>
      <max-lat>-90.000000</max-lat>
      <max-lon>-180.000000</max-lon>
      <max-alt>0.000000</max-alt>
      <max-spd>0.000000</max-spd>
    </gps-info>
    <wireless-client number="1" type="tods" wep="false" first-time="Tue Jan 13 05:14:25 2004" last-time="Wed Dec 31 19:00:00 1969">
      <client-mac>00:11:F5:5A:95:FB</client-mac>
      <client-packets>
        <client-data>0</client-data>
        <client-crypt>0</client-crypt>
        <client-weak>0</client-weak>
      </client-packets>
      <client-datasize>0</client-datasize>
      <client-maxrate>0.0</client-maxrate>
      <client-maxseenrate>0</client-maxseenrate>
    </wireless-client>
  </wireless-network>
  <wireless-network number="17" type="ad-hoc" wep="false" cloaked="false" first-time="Tue Jan 13 05:14:30 2004" last-time="Tue Jan 13 05:14:30 2004">
    <SSID>WNMS</SSID>
    <BSSID>FF:FF:FF:FF:FF:FF</BSSID>
    <channel>1</channel>
    <maxrate>11.0</maxrate>
    <maxseenrate>0</maxseenrate>
    <carrier>IEEE 802.11b</carrier>
    <packets>
      <LLC>4</LLC>
      <data>0</data>
      <crypt>0</crypt>
      <weak>0</weak>
      <dupeiv>0</dupeiv>
      <total>4</total>
    </packets>
    <datasize>0</datasize>
    <gps-info unit="english">
      <min-lat>90.000000</min-lat>
      <min-lon>180.000000</min-lon>
      <min-alt>0.000000</min-alt>
      <min-spd>0.000000</min-spd>
      <max-lat>-90.000000</max-lat>
      <max-lon>-180.000000</max-lon>
      <max-alt>0.000000</max-alt>
      <max-spd>0.000000</max-spd>
    </gps-info>
  </wireless-network>
</detection-run>
